4435,1522,144
4435,1506,172
4435,1484,157
4435,1489,160
4435,1520,155
4435,1525,140
4435,1524,159
4435,1481,150
4435,1507,171
4435,1505,181
4435,1519,216
4435,1511,229
4435,1516,244
4435,1528,254
4435,1533,235
4435,1515,238
4435,1567,298
4435,1579,339
4435,1566,350
4435,1569,360
4435,1568,388
4435,1480,418
4435,1494,417
4435,1489,442
4435,1506,452
4435,1524,460
4435,1547,453
4435,1544,471
4435,1593,474
4435,1607,509
4435,1579,522
4435,1573,538
4435,1539,557
4435,1607,558
4435,1612,567
4435,1604,594
4435,1620,600
4435,1578,620
4435,1575,624
4435,1584,639
4435,1590,614
4435,1573,632
4435,1570,625
4435,1583,613
4435,1594,586
4435,1594,606
4435,1608,560
4435,1594,589
4435,1555,540
4435,1538,542
4435,1579,515
4435,1537,514
4435,1541,533
4435,1535,547
4435,1522,568
4435,1521,582
4435,1524,568
4435,1523,549
4435,1522,557
4435,1520,565
4435,1514,580
4435,1513,587
4435,1500,585
4435,1462,592
4435,1482,598
4435,1387,618
4435,1370,622
4435,1382,621
4435,1375,636
4435,1358,623
4435,1326,576
4435,1339,613
4435,1329,608
4435,1319,607
4435,1317,600
4435,1329,621
4435,1340,603
4435,1348,612
4435,1344,621
4435,1356,631
4435,1347,636
4435,1347,643
4435,1375,652
4435,1377,697
4435,1377,741
4435,1340,750
4435,1334,669
4435,1315,698
4435,1309,697
4435,1315,696
4435,1282,727
4435,1269,681
4435,1252,734
4435,1289,713
4435,1239,752
4435,1245,760
4435,1264,735
4435,1271,706
4435,1271,708
4435,1267,717
4435,1269,728
4435,1267,740
4435,1264,783
4435,1261,778
4435,1261,787
4435,1257,830
4435,1249,835
4435,1255,841
4435,1251,852
4435,1248,866
4435,1252,850
4435,1251,859
4435,1242,865
4435,1236,878
4435,1245,887
4435,1234,893
4435,1242,908
4435,1232,918
4435,1164,894
4435,1151,904
4435,1152,917
4435,1147,934
4435,1143,940
4435,1146,944
4435,1136,950
4435,1143,985
4435,1136,976
4435,1136,918
4435,1122,929
4435,1154,927
4435,1156,939
4435,1173,985
4435,1207,942
4435,1210,947
4435,1200,953
4435,1202,956
4435,1203,958
4435,1188,967
4435,1196,962
4435,1186,967
4435,1185,970
4435,1193,964
4435,1200,955
4435,1197,964
4435,1192,966
4435,1185,976
4435,1188,981
4435,1176,935
4435,1167,948
4435,1171,951
4435,1170,947
4435,1170,952
4435,1168,963
4435,1158,967
4435,1156,968
4435,1151,982
4435,1153,983
4435,1148,979
4435,1154,977
4435,1153,984
4435,1151,962
4435,1164,905
4435,1159,912
4435,1157,950
4435,1127,973
4435,1063,930
4435,1063,932
4435,1058,941
4435,1057,948
4435,1061,946
4435,1060,951
4435,1060,952
4435,1055,952
4435,1054,955
4435,1056,953
4435,1052,965
4435,1052,972
4435,1053,975
4435,1049,975
4435,1050,976
4435,1053,976
4435,1049,980
4435,1047,980
4435,1050,983
4435,1052,983
4435,1052,983
4435,1056,985
4435,1053,985
4435,1056,988
4435,1053,988
4435,1054,990
4435,1056,991
4435,1056,992
4435,1053,992
4435,1053,992
4435,1054,994
4435,1055,993
4435,1054,995
4435,1055,996
4435,1055,995
4435,1058,994
4435,1056,995
4435,1056,996
4435,1060,997
4435,1064,997
4435,1064,997
4435,1060,997
4435,1065,997
4435,1064,997
4435,1066,998
4435,1060,998
4435,1063,998
4435,1055,998
4435,1055,997
4435,1052,998
4435,1056,998
4435,1057,998
4435,1053,999
4435,1056,999
4435,1057,999
4435,1055,997
4435,1055,999
4435,1056,999
4435,1057,999
4435,1065,1000
4435,1065,1000
4435,1055,1000
4435,1055,1001
4435,1055,1001
4435,1058,1000
4435,1058,999
4435,1055,1000
4435,1060,1000
4435,1060,1001
4435,1059,1001
4435,1059,1002
4435,1060,1002
4435,1060,1003
4435,1056,1000
4435,1054,1001
4435,1060,1003
4435,1055,1003
4435,1056,1003
4435,1055,1003
4435,1054,1002
4435,1054,1003
4435,1057,1003
4435,1057,1003
4435,1057,1003
4435,1057,1003
4435,1058,1003
4435,1059,1003
4435,1059,1004
4435,1059,1004
4435,1058,1004
4435,1054,1004
4435,1060,1004
4435,1060,1004
4435,1060,1004
4435,1057,1004
4435,1055,1004
4435,1055,1003
4435,1055,1003
4435,1055,1003
4435,1055,1004
4435,1055,1003
4435,1056,1004
4435,1055,1005
4435,1056,1005
4435,1054,1005
4435,1052,1005
4435,1055,1005
4435,1055,1004
4435,1055,1005
4435,1055,1005
4435,1055,1004
4435,1055,1004
4435,1055,1004
4435,1048,1004
4435,1052,1005
4435,1054,1005
4435,1054,1005
4435,1050,1005
4435,1054,1005
4435,1054,1005
4435,1058,1006
4435,1055,1005
4435,1055,1005
4435,1055,1007
4435,1054,1007
4435,1048,1007
4435,1053,1007
4435,1051,1007
4435,1051,1008
4435,1051,1007
4435,1055,1008
4725,1156,289
4725,1155,293
4725,1150,308
4725,1152,306
4725,1153,322
4725,1151,326
4725,1146,339
4725,1167,343
4725,1156,362
4725,1152,415
4725,1147,353
4725,1146,383
4725,1119,377
4725,1116,385
4725,1120,409
4725,1115,410
4725,1197,459
4725,1180,474
4725,1171,498
4725,1173,509
4725,1170,512
4725,1168,508
4725,1196,484
4725,1197,486
4725,1192,497
4725,1211,488
4725,1197,511
4725,1188,518
4725,1222,553
4725,1208,576
4725,1218,569
4725,1184,597
4725,1190,603
4725,1190,615
4725,1185,617
4725,1187,620
4725,1194,624
4725,1187,648
4725,1205,657
4725,1228,677
4725,1201,693
4725,1187,693
4725,1193,627
4725,1159,647
4725,1147,603
4725,1134,613
4725,1139,628
4725,1142,642
4725,1148,647
4725,1123,572
4725,1108,567
4725,1124,570
4725,1089,566
4725,1147,625
4725,1152,625
4725,1157,642
4725,1164,662
4725,1159,602
4725,1162,590
4725,1171,594
4725,1168,605
4725,1138,574
4725,1135,594
4725,1148,610
4725,1180,594
4725,1181,597
4725,1173,595
4725,1188,597
4725,1185,604
4725,1174,620
4725,1150,626
4725,1150,633
4725,1152,665
4725,1151,672
4725,1150,678
4725,1152,716
4725,1147,733
4725,1220,741
4725,1223,777
4725,1205,719
4725,1206,725
4725,1201,750
4725,1129,753
4725,1134,756
4725,1135,767
4725,1155,741
4725,1140,775
4725,1143,799
4725,1141,759
4725,1105,688
4725,1082,676
4725,1080,684
4725,1142,636
4725,1077,667
4725,1072,712
4725,1140,717
4725,1142,700
4725,1082,687
4725,1083,697
4725,1116,761
4725,1066,722
4725,1069,728
4725,1071,728
4725,1068,729
4725,1070,730
4725,1070,732
4725,1071,733
4725,1070,732
4725,1081,737
4725,1071,714
4725,1070,733
4725,1072,735
4725,1072,735
4725,1072,733
4725,1071,735
4725,1071,734
4725,1071,733
4725,1071,732
4725,1070,735
4725,1073,737
4725,1073,737
4725,1070,738
4725,1073,736
4725,1073,738
4725,1073,738
4725,1073,737
4725,1073,738
4725,1073,738
4725,1073,739
4725,1067,738
4725,1067,738
4725,1069,724
4725,1067,722
4725,1066,739
4725,1066,742
4725,1067,728
4725,1065,744
4725,1067,744
4725,1065,746
4725,1065,746
4725,1066,745
4725,1067,745
4725,1067,744
4725,1067,742
4725,1069,722
4725,1066,745
4725,1066,746
4725,1068,746
4725,1068,746
4725,1068,747
4725,1067,747
4725,1067,747
4725,1067,747
4725,1067,747
4725,1066,749
4725,1066,749
4725,1067,749
4725,1067,748
4725,1067,748
4725,1068,729
4725,1068,729
4725,1067,750
4725,1068,729
4725,1068,733
4725,1068,732
4725,1068,733
4725,1068,731
4725,1068,729
4725,1068,731
4725,1069,731
4725,1069,733
4725,1068,750
4725,1068,749
4725,1069,730
4725,1069,733
4725,1069,733
4725,1069,732
4725,1069,732
4725,1069,733
4725,1070,730
4725,1070,732
4725,1070,732
4725,1070,733
4725,1070,734
4725,1070,734
4725,1070,751
4725,1071,733
4725,1070,732
4725,1070,732
4725,1070,732
4725,1070,733
4754,613,103
4754,571,175
4754,559,191
4754,625,151
4754,609,158
4754,599,107
4754,605,174
4754,604,146
4754,592,109
4754,590,123
4754,592,134
4754,599,146
4754,607,158
4754,590,178
4754,591,189
4754,647,175
4754,690,123
4754,718,92
4754,724,86
4754,725,83
4754,726,85
4754,726,84
4754,725,83
4754,724,89
4754,730,83
4754,726,106
4754,730,119
4754,730,114
4754,730,75
4754,729,83
4754,730,98
4754,730,99
4754,729,123
4754,686,110
4754,688,116
4754,686,81
4754,673,105
4754,678,111
4754,685,116
4754,689,121
4754,681,129
4754,680,117
4754,682,134
4754,736,104
4754,678,69
4754,673,52
4754,672,48
4754,673,53
4754,677,52
4754,671,72
4754,670,90
4754,676,110
4754,677,123
4754,718,132
4754,724,126
4754,717,114
4754,709,128
4754,754,89
4754,735,98
4754,741,114
4754,718,134
4754,720,142
4754,751,122
4754,754,156
4754,755,107
4754,742,97
4754,743,111
4754,741,123
4754,740,169
4754,743,189
4754,740,184
4754,741,185
4754,740,193
4754,754,198
4754,761,178
4754,741,89
4754,740,107
4754,755,136
4754,767,129
4754,709,142
4754,728,156
4754,728,169
4754,727,177
4754,649,150
4754,613,126
4754,617,94
4754,614,139
4754,602,153
4754,581,121
4754,647,167
4754,665,157
4754,677,166
4754,668,187
4754,668,207
4754,591,207
4754,590,217
4754,589,222
4754,586,231
4754,607,314
4754,588,318
4754,590,321
4754,590,329
4754,582,329
4754,586,332
4754,616,377
4754,611,381
4754,601,382
4754,608,390
4754,608,395
4754,605,405
4754,601,412
4754,599,418
4754,600,432
4754,601,443
4754,601,451
4754,599,464
4754,608,487
4754,595,476
4754,601,479
4754,597,491
4754,600,495
4754,597,502
4754,583,490
4754,572,509
4754,597,510
4754,588,511
4754,615,556
4754,585,564
4754,597,550
4754,595,563
4754,591,568
4754,595,569
4754,591,576
4754,591,579
4754,589,579
4754,589,581
4754,587,582
4754,581,598
4754,584,604
4754,588,610
4754,577,608
4754,585,610
4754,582,611
4754,577,615
4754,588,615
4754,583,617
4754,589,617
4754,591,618
4754,583,618
4754,582,621
4754,587,620
4754,588,622
4754,588,622
4754,582,621
4754,583,620
4754,588,622
4754,581,622
4754,579,622
4754,580,624
4754,580,625
4754,582,625
4754,580,626
4754,581,626
4754,581,628
4754,592,648
4754,568,619
4754,584,626
4754,578,629
4754,585,632
4754,582,635
4754,580,635
4754,584,635
4754,580,635
4754,573,635
4754,531,637
4754,515,632
4754,516,632
4754,514,632
4754,529,637
4754,526,637
4754,501,644
4754,501,644
4754,520,633
4754,526,639
4754,526,638
4754,502,645
4754,503,633
4754,519,635
4754,519,635
4822,1299,86
4822,1300,97
4822,1304,110
4822,1297,122
4822,1296,135
4822,1296,145
4822,1298,159
4822,1304,166
4822,1299,178
4822,1296,188
4822,1300,239
4822,1299,247
4822,1292,256
4822,1289,271
4822,1288,297
4822,1299,309
4822,1288,318
4822,1283,327
4822,1323,395
4822,1322,409
4822,1324,372
4822,1315,447
4822,1294,506
4822,1307,459
4822,1316,457
4822,1314,456
4822,1315,461
4822,1301,476
4822,1292,486
4822,1295,496
4822,1293,510
4822,1288,519
4822,1291,523
4822,1295,542
4822,1297,548
4822,1295,571
4822,1299,576
4822,1300,589
4822,1297,589
4822,1302,600
4822,1310,627
4822,1301,624
4822,1318,620
4822,1313,635
4822,1317,645
4822,1313,664
4822,1291,664
4822,1315,648
4822,1324,597
4822,1316,623
4822,1316,631
4822,1317,634
4822,1316,642
4822,1309,618
4822,1305,616
4822,1318,639
4822,1281,665
4822,1277,675
4822,1222,636
4822,1276,552
4822,1277,524
4822,1284,539
4822,1291,525
4822,1292,580
4822,1289,630
4822,1322,702
4822,1311,709
4822,1373,724
4822,1375,713
4822,1376,721
4822,1377,746
4822,1369,750
4822,1469,750
4822,1481,765
4822,1395,762
4822,1392,776
4822,1392,799
4822,1391,801
4822,1409,730
4822,1416,746
4822,1414,756
4822,1415,756
4822,1407,760
4822,1421,765
4822,1443,747
4822,1399,815
4822,1397,838
4822,1385,863
4822,1392,843
4822,1395,856
4822,1389,854
4822,1402,882
4822,1398,866
4822,1396,871
4822,1399,852
4822,1391,881
4822,1392,894
4822,1392,896
4822,1391,897
4822,1378,885
4822,1386,888
4822,1357,914
4822,1337,927
4822,1362,913
4822,1341,938
4822,1361,942
4822,1389,937
4822,1418,937
4822,1384,934
4822,1379,927
4822,1359,939
4822,1365,945
4822,1365,945
4822,1355,945
4822,1355,939
4822,1355,940
4822,1361,935
4822,1354,941
4822,1367,943
4822,1354,945
4822,1355,945
4822,1355,945
4822,1350,944
4822,1359,945
4822,1360,936
4822,1386,938
4822,1357,948
4822,1357,946
4822,1357,947
4822,1358,953
4822,1360,956
4822,1360,945
4822,1360,945
4822,1358,947
4822,1358,941
4822,1354,947
4822,1354,942
4822,1356,952
4822,1358,948
4822,1358,948
4822,1358,948
4822,1358,948
4822,1358,948
4897,1149,262
4897,1166,261
4897,1136,259
4897,1163,304
4897,1130,333
4897,1166,294
4897,1154,293
4897,1168,323
4897,1167,338
4897,1167,362
4897,1170,371
4897,1177,375
4897,1181,386
4897,1183,396
4897,1179,384
4897,1166,380
4897,1159,392
4897,1140,381
4897,1132,387
4897,1163,394
4897,1183,401
4897,1180,403
4897,1138,380
4897,1142,362
4897,1147,389
4897,1167,380
4897,1170,365
4897,1158,371
4897,1170,360
4897,1167,363
4897,1172,369
4897,1166,372
4897,1165,376
4897,1167,387
4897,1175,348
4897,1182,409
4897,1189,462
4897,1193,480
4897,1193,483
4897,1203,444
4897,1190,418
4897,1215,430
4897,1215,440
4897,1200,451
4897,1202,459
4897,1207,470
4897,1205,473
4897,1200,485
4897,1195,494
4897,1190,495
4897,1197,499
4897,1186,521
4897,1153,507
4897,1166,504
4897,1194,496
4897,1194,490
4897,1182,495
4897,1194,477
4897,1192,479
4897,1191,492
4897,1193,504
4897,1181,504
4897,1175,512
4897,1161,512
4897,1163,513
4897,1164,520
4897,1165,528
4897,1165,500
4897,1163,510
4897,1185,498
4897,1163,516
4897,1157,521
4897,1222,580
4897,1187,600
4897,1161,608
4897,1162,603
4897,1165,608
4897,1156,617
4897,1154,596
4897,1163,597
4897,1154,602
4897,1152,606
4897,1151,608
4897,1143,612
4897,1150,611
4897,1148,613
4897,1147,614
4897,1149,614
4897,1143,616
4897,1140,611
4897,1142,616
4897,1140,612
4897,1145,617
4897,1153,611
4897,1154,611
4897,1146,617
4897,1150,611
4897,1146,617
4897,1147,615
4897,1147,616
4897,1153,611
4897,1152,611
4897,1155,612
4897,1151,612
4897,1152,614
4897,1143,618
4897,1145,617
4897,1156,612
4897,1148,618
4897,1145,620
4897,1145,618
4897,1147,618
4897,1147,618
4897,1145,621
4897,1148,618
4897,1147,619
4897,1144,622
4897,1145,622
4897,1144,622
4897,1145,622
4897,1144,621
4897,1145,623
4897,1145,623
4897,1146,623
4897,1144,623
4897,1146,623
4897,1146,623
4897,1145,623
4897,1145,624
4897,1156,619
4897,1144,622
4897,1144,624
4897,1143,624
4897,1152,620
4897,1151,619
4897,1152,620
4897,1145,624
4897,1144,624
4897,1153,617
4897,1153,619
4897,1153,619
4897,1155,619
4897,1155,617
4897,1155,619
4897,1147,625
4897,1147,625
4897,1147,625
4897,1155,617
4897,1155,617
4897,1155,618
4897,1155,618
4897,1155,617
4897,1153,617
4897,1152,619
4897,1143,627
4897,1143,625
4897,1143,625
4897,1144,625
4897,1144,628
4897,1156,618
4897,1152,618
4897,1156,620
4897,1156,620
4897,1155,620
4897,1156,620
4897,1155,621
4897,1156,621
4897,1156,621
4897,1156,621
4897,1157,618
4897,1159,617
4897,1152,621
4897,1152,621
4897,1153,621
4897,1156,621
4897,1157,621
4897,1154,622
4897,1155,622
4904,1521,285
4904,1527,292
4904,1532,295
4904,1526,305
4904,1527,329
4904,1528,344
4904,1525,354
4904,1526,365
4904,1530,369
4904,1527,379
4904,1521,395
4904,1520,406
4904,1530,409
4904,1520,449
4904,1540,463
4904,1512,527
4904,1526,520
4904,1529,530
4904,1528,540
4904,1537,550
4904,1539,550
4904,1566,525
4904,1580,525
4904,1537,546
4904,1543,557
4904,1540,568
4904,1536,579
4904,1621,579
4904,1617,618
4904,1622,628
4904,1585,652
4904,1621,661
4904,1619,696
4904,1620,707
4904,1615,695
4904,1614,700
4904,1613,716
4904,1615,719
4904,1604,708
4904,1590,732
4904,1596,735
4904,1594,738
4904,1615,736
4904,1538,781
4904,1580,822
4904,1579,827
4904,1555,833
4904,1563,838
4904,1568,840
4904,1540,851
4904,1537,853
4904,1546,857
4904,1555,862
4904,1538,874
4904,1563,881
4904,1574,883
4904,1564,882
4904,1603,881
4904,1605,887
4904,1605,892
4904,1605,897
4904,1605,899
4904,1604,907
4904,1605,906
4904,1603,914
4904,1602,915
4904,1602,918
4904,1616,927
4904,1557,937
4904,1608,943
4904,1610,949
4904,1605,951
4904,1596,954
4904,1603,972
4904,1604,977
4904,1604,979
4904,1608,983
4904,1604,982
4904,1596,986
4904,1607,983
4904,1609,985
4904,1608,984
4904,1605,985
4904,1607,985
4904,1606,985
4904,1604,992
4904,1604,985
4904,1607,986
4904,1607,984
4904,1608,983
4904,1605,983
4904,1605,983
4904,1603,985
4904,1605,987
4904,1606,991
4904,1600,990
4904,1605,993
4904,1600,990
4904,1600,991
4904,1603,994
4904,1603,994
4904,1610,987
4904,1607,996
4904,1605,996
4904,1605,989
4904,1605,997
4904,1605,989
4904,1606,989
4904,1605,998
4904,1607,999
4904,1610,997
4904,1606,999
4904,1606,999
4904,1606,990
4904,1606,990
4904,1606,1000
4904,1606,990
4904,1607,991
4904,1607,991
4904,1609,990
4904,1609,991
4904,1607,991
4904,1607,991
4904,1607,991
4904,1607,991
4904,1608,992
4904,1607,993
4904,1608,991
4904,1608,991
4904,1608,992
4904,1607,991
4904,1607,989
4904,1607,1001
4904,1609,1000
4904,1604,1000
4904,1607,1001
4904,1607,1001
4904,1607,993
4904,1607,993
4904,1598,994
4904,1599,993
4904,1607,1002
4904,1598,999
4904,1598,999
4904,1599,999
4904,1599,999
4904,1598,999
4904,1606,994
4904,1599,995
4904,1608,1003
4904,1606,1004
4904,1606,1005
4904,1606,992
4904,1606,995
4904,1606,995
4904,1607,995
4904,1609,995
4904,1609,994
4904,1607,1004
4904,1607,1004
4904,1609,1004
4904,1609,1004
4904,1603,1004
4904,1603,1004
4904,1607,1005
4904,1610,993
4904,1607,992
4912,44,30
4912,26,44
4912,28,63
4912,26,60
4912,33,54
4912,50,17
4912,55,33
4912,84,52
4912,95,72
4912,106,29
4912,111,19
4912,34,45
4912,31,50
4912,31,59
4912,28,84
4912,28,99
4912,25,102
4912,32,40
4912,26,63
4912,25,162
4912,60,161
4912,84,198
4912,36,161
4912,36,161
4912,36,166
4912,36,179
4912,30,172
4912,30,177
4912,30,180
4912,29,201
4912,29,204
4912,29,211
4912,29,210
4912,30,212
4912,30,207
4912,32,207
4912,32,206
4912,32,207
4912,38,116
4912,33,153
4912,29,159
4912,31,164
4912,34,174
4912,33,176
4912,61,172
4912,61,175
4912,60,162
4912,60,166
4912,62,172
4912,59,174
4912,59,178
4912,58,181
4912,58,183
4912,58,185
4912,59,186
4912,59,188
4912,58,189
4912,58,189
4912,57,190
4912,57,191
4912,57,194
4912,57,195
4912,57,196
4912,56,197
4912,56,197
4912,57,198
4912,56,198
4912,57,199
4912,57,199
4912,56,200
4912,56,200
4912,56,200
4912,56,200
4912,56,200
4912,56,201
4912,56,201
4912,56,201
4912,55,202
4912,55,202
4912,55,204
4912,55,204
4912,55,205
4912,55,205
4912,55,206
4912,55,220
4912,55,220
4912,55,220
4912,55,220
4912,55,221
4912,55,221
4912,54,221
4912,55,221
4912,55,209
4912,55,222
4912,55,222
4912,55,222
4912,55,222
4912,55,210
4912,55,211
4912,55,211
4912,55,212
4912,55,213
4912,55,213
4912,55,213
4912,55,213
4912,55,213
4912,55,214
4912,55,214
4912,55,215
4912,55,215
4912,55,215
4912,55,230
4912,54,230
4912,54,215
4912,54,215
4912,54,216
4912,54,216
4912,54,216
4912,54,233
4912,54,234
4912,54,217
4912,54,217
4912,54,217
4912,54,223
4912,54,217
4912,54,236
4912,54,236
4912,54,236
4912,55,236
4912,55,218
4912,55,219
4912,55,237
4912,55,237
4912,55,237
4912,55,237
4912,54,239
4912,54,239
4912,54,239
4912,54,239
4912,54,240
4912,54,240
4912,54,240
4912,54,241
4912,54,241
4912,55,241
4912,55,242
4912,55,242
4912,55,242
4912,55,242
4912,54,243
4912,55,243
4912,55,243
4912,55,243
4912,55,244
4912,55,244
4912,55,244
4912,55,245
4918,1120,695
4918,1155,696
4918,1168,643
4918,1176,672
4918,1162,659
4918,1158,663
4918,1170,692
4918,1173,660
4918,1177,647
4918,1163,673
4918,1192,665
4918,1180,680
4918,1180,695
4918,1187,693
4918,1204,700
4918,1189,721
4918,1178,731
4918,1203,738
4918,1173,763
4918,1186,773
4918,1174,767
4918,1202,771
4918,1177,799
4918,1177,793
4918,1159,812
4918,1184,818
4918,1167,811
4918,1168,816
4918,1186,814
4918,1198,848
4918,1172,807
4918,1176,801
4918,1165,813
4918,1175,798
4918,1180,808
4918,1145,800
4918,1144,806
4918,1131,811
4918,1124,814
4918,1115,822
4918,1101,754
4918,1138,772
4918,1136,780
4918,1120,798
4918,1122,807
4918,1071,759
4918,1075,770
4918,1121,806
4918,1123,812
4918,1125,795
4918,1125,796
4918,1125,798
4918,1120,797
4918,1119,796
4918,1127,836
4918,1150,820
4918,1131,788
4918,1131,788
4918,1121,798
4918,1176,809
4918,1130,834
4918,1153,820
4918,1176,810
4918,1121,803
4918,1158,827
4918,1159,815
4918,1162,816
4918,1168,816
4918,1169,816
4918,1176,814
4918,1174,813
4918,1129,842
4918,1129,840
4918,1129,846
4918,1169,816
4920,1610,472
4920,1594,485
4920,1611,516
4920,1618,554
4920,1615,574
4920,1619,584
4920,1619,593
4920,1621,597
4920,1624,601
4920,1623,609
4920,1623,617
4920,1623,624
4920,1617,633
4920,1624,643
4920,1626,652
4920,1614,657
4920,1615,675
4920,1610,640
4920,1599,663
4920,1609,670
4920,1576,637
4920,1591,640
4920,1613,663
4920,1584,679
4920,1568,696
4920,1512,714
4920,1495,728
4920,1508,756
4920,1523,758
4920,1499,770
4920,1502,774
4920,1513,789
4920,1510,797
4920,1513,803
4920,1495,815
4920,1497,817
4920,1496,823
4920,1497,829
4920,1527,874
4920,1496,850
4920,1484,877
4920,1498,882
4920,1496,887
4920,1479,899
4920,1482,905
4920,1480,909
4920,1479,907
4920,1478,919
4920,1476,920
4920,1475,926
4920,1475,930
4920,1476,929
4920,1474,933
4920,1473,943
4920,1473,946
4920,1472,948
4920,1471,954
4920,1488,954
4920,1497,971
4920,1470,960
4920,1470,963
4920,1472,967
4920,1486,968
4920,1469,972
4920,1468,976
4920,1485,976
4920,1485,976
4920,1468,984
4920,1485,985
4920,1486,982
4920,1468,986
4920,1468,987
4920,1484,987
4920,1469,988
4920,1484,989
4920,1469,992
4920,1486,992
4920,1488,993
4920,1488,993
4920,1488,994
4920,1488,996
4920,1488,995
4920,1488,998
4920,1488,995
4920,1488,998
4920,1488,998
4920,1488,998
4920,1488,998
4920,1488,996
4920,1487,998
4920,1488,999
4920,1488,999
4920,1488,999
4920,1489,1001
4920,1489,1002
4920,1489,1002
4920,1490,1002
4920,1488,1003
4920,1488,1003
4920,1488,1003
4920,1488,1003
4920,1490,1003
4920,1490,1003
4920,1490,1003
4920,1490,1004
4920,1490,1004
4920,1491,1005
4920,1491,1006
4920,1490,1007
4920,1490,1006
4920,1490,1006
4920,1490,1006
4920,1490,1007
4920,1490,1007
4920,1490,1006
4920,1491,1007
4920,1488,1007
4920,1488,1007
4920,1490,1007
4920,1490,1007
4920,1490,1007
4920,1490,1007
4920,1490,1007
4920,1490,1007
4920,1490,1008
4920,1477,1008
4920,1477,1008
4920,1472,1008
4920,1491,1009
4920,1491,1011
4920,1491,1009
4920,1490,1009
4920,1491,1009
4920,1489,1010
4920,1489,1010
4920,1491,1011
4920,1491,1011
4920,1491,1011
4920,1490,1011
4920,1490,1011
4920,1492,1011
4920,1492,1011
4920,1491,1011
4920,1491,1011
4920,1491,1016
4920,1492,1016
4920,1492,1013
4920,1492,1013
4920,1492,1013
4920,1492,1013
4920,1492,1013
4920,1491,1011
4924,1307,474
4924,1311,484
4924,1297,482
4924,1305,469
4924,1301,478
4924,1297,486
4924,1297,523
4924,1298,528
4924,1306,537
4924,1303,531
4924,1287,514
4924,1294,483
4924,1302,477
4924,1296,502
4924,1300,494
4924,1292,498
4924,1288,506
4924,1288,514
4924,1299,524
4924,1299,533
4924,1307,542
4924,1331,588
4924,1308,591
4924,1314,570
4924,1314,585
4924,1313,562
4924,1315,608
4924,1318,593
4924,1287,602
4924,1302,611
4924,1289,598
4924,1287,609
4924,1286,613
4924,1290,631
4924,1284,629
4924,1279,663
4924,1277,682
4924,1280,670
4924,1268,699
4924,1281,696
4924,1265,727
4924,1250,808
4924,1256,828
4924,1256,844
4924,1321,802
4924,1324,783
4924,1320,797
4924,1303,807
4924,1315,816
4924,1311,810
4924,1308,817
4924,1317,829
4924,1302,846
4924,1307,838
4924,1309,838
4924,1309,842
4924,1309,850
4924,1308,847
4924,1305,859
4924,1319,854
4924,1317,864
4924,1313,856
4924,1316,856
4924,1319,865
4924,1317,872
4924,1315,869
4924,1317,871
4924,1305,897
4924,1303,899
4924,1300,917
4924,1306,942
4924,1306,948
4924,1307,930
4924,1301,930
4924,1302,931
4924,1327,943
4924,1323,944
4924,1304,949
4924,1301,948
4924,1294,945
4924,1296,932
4924,1295,933
4924,1293,941
4924,1321,945
4924,1321,946
4924,1292,952
4924,1294,949
4924,1322,945
4924,1322,936
4924,1323,936
4924,1322,938
4924,1293,952
4924,1320,949
4924,1322,949
4924,1324,950
4924,1323,952
4924,1322,939
4924,1322,950
4924,1298,940
4924,1295,954
4924,1291,957
4924,1292,957
4924,1291,957
4924,1295,943
4924,1292,944
4924,1288,956
4924,1288,957
4924,1287,943
4924,1295,944
4924,1303,945
4924,1303,944
4924,1296,944
4924,1296,944
4924,1307,944
4924,1308,944
4924,1308,944
4924,1305,945
4924,1304,945
4924,1303,945
4924,1305,945
4924,1304,945
4924,1294,949
4924,1300,946
4924,1295,946
4924,1295,960
4924,1286,956
4924,1287,954
4924,1276,953
4939,1888,16
4939,1885,21
4939,1885,27
4939,1888,32
4939,1888,39
4939,1886,41
4939,1886,42
4939,1885,43
4939,1883,43
4939,1878,45
4939,1875,44
4939,1873,44
4939,1871,43
4939,1867,45
4939,1865,46
4939,1863,46
4939,1863,47
4939,1860,50
4939,1858,55
4939,1858,54
4939,1853,58
4939,1850,60
4939,1850,63
4939,1846,77
4939,1844,70
4939,1816,74
4939,1815,91
4939,1814,84
4939,1814,89
4939,1814,103
4939,1813,106
4939,1814,111
4939,1813,114
4939,1799,111
4939,1783,116
4939,1769,124
4939,1770,129
4939,1793,132
4939,1785,136
4939,1783,142
4939,1743,147
4939,1728,49
4939,1726,59
4939,1723,69
4939,1722,78
4939,1722,86
4939,1733,107
4939,1724,140
4939,1724,147
4939,1729,156
4939,1731,162
4939,1692,179
4939,1704,194
4939,1708,212
4939,1704,225
4939,1713,226
4939,1718,226
4939,1716,243
4939,1727,243
4939,1721,249
4939,1717,268
4939,1719,280
4939,1715,289
4939,1714,291
4939,1714,298
4939,1716,298
4939,1716,299
4939,1716,298
4939,1716,299
4939,1717,299
4939,1717,299
4939,1718,300
4939,1714,297
4939,1715,301
4939,1714,301
4939,1715,301
4939,1713,305
4939,1712,304
4939,1715,303
4939,1712,302
4939,1714,306
4939,1635,328
4939,1635,328
4939,1635,318
4939,1635,318
4939,1635,318
4941,1604,59
4941,1599,63
4941,1595,69
4941,1600,76
4941,1593,77
4941,1587,93
4941,1594,31
4941,1608,69
4941,1570,90
4941,1568,93
4941,1614,84
4941,1608,93
4941,1605,95
4941,1615,99
4941,1614,103
4941,1681,130
4941,1673,130
4941,1650,130
4941,1653,119
4941,1672,124
4941,1679,126
4941,1655,135
4941,1655,145
4941,1652,150
4941,1667,169
4941,1685,174
4941,1698,180
4941,1673,156
4941,1687,114
4941,1688,134
4941,1670,144
4941,1663,145
4941,1636,115
4941,1634,119
4941,1643,119
4941,1638,120
4941,1638,131
4941,1638,124
4941,1639,125
4941,1627,124
4941,1641,139
4941,1646,137
4941,1632,133
4941,1633,136
4941,1634,141
4941,1634,139
4941,1633,139
4941,1637,139
4941,1630,139
4941,1632,151
4941,1628,134
4941,1628,134
4941,1627,138
4941,1625,139
4941,1625,148
4941,1625,148
4941,1630,151
4941,1627,147
4941,1626,152
4941,1624,152
4941,1624,151
4941,1624,149
4941,1623,152
4941,1623,152
4941,1624,152
4941,1626,150
4941,1625,150
4941,1625,153
4941,1629,150
4941,1630,149
4941,1629,150
4942,1114,756
4942,1095,660
4942,1106,692
4942,1114,693
4942,1156,720
4942,1186,719
4942,1165,695
4942,1172,696
4942,1162,700
4942,1192,713
4942,1197,742
4942,1194,743
4942,1157,781
4942,1168,769
4942,1165,778
4942,1170,787
4942,1177,802
4942,1173,810
4942,1135,823
4942,1158,822
4942,1147,828
4942,1163,835
4942,1241,854
4942,1232,855
4942,1160,816
4942,1164,791
4942,1169,782
4942,1171,789
4942,1154,803
4942,1156,806
4942,1171,795
4942,1165,795
4942,1154,806
4942,1165,797
4942,1164,800
4942,1158,809
4942,1158,809
4942,1163,801
4942,1157,807
4942,1143,811
4942,1155,815
4942,1157,813
4942,1156,813
4942,1156,812
4942,1163,813
4942,1163,809
4942,1156,809
4942,1162,809
4942,1157,809
4942,1159,811
4942,1156,814
4942,1156,813
4942,1156,812
4942,1144,814
4942,1144,814
4942,1142,815
4942,1160,818
4942,1146,817
4942,1156,819
4942,1152,811
4942,1156,812
4942,1176,806
4942,1175,806
4942,1175,808
4942,1157,816
4942,1176,808
4942,1158,816
4942,1173,809
4942,1167,721
4942,1179,706
4942,1211,710
4942,1211,711
4942,1211,713
4942,1211,713
4942,1211,714
4942,1160,727
4942,1211,719
4942,1206,719
4942,1207,719
4942,1206,719
4942,1206,720
4942,1206,720
4959,1167,251
4959,1165,260
4959,1175,238
4959,1177,213
4959,1176,202
4959,1169,204
4959,1174,228
4959,1170,241
4959,1154,227
4959,1177,240
4959,1169,250
4959,1166,262
4959,1163,268
4959,1173,288
4959,1173,295
4959,1178,309
4959,1173,319
4959,1184,324
4959,1172,337
4959,1181,348
4959,1199,350
4959,1199,354
4959,1199,360
4959,1202,363
4959,1172,402
4959,1226,348
4959,1225,353
4959,1217,364
4959,1225,379
4959,1178,326
4959,1208,361
4959,1229,434
4959,1226,446
4959,1226,452
4959,1221,452
4959,1230,453
4959,1250,457
4959,1263,467
4959,1262,473
4959,1309,476
4959,1311,461
4959,1319,451
4959,1310,463
4959,1324,467
4959,1312,466
4959,1312,473
4959,1314,470
4959,1314,472
4959,1321,462
4959,1320,464
4959,1322,463
4959,1322,464
4959,1312,467
4959,1320,463
4959,1310,472
4959,1311,469
4959,1313,472
4959,1310,471
4959,1307,472
4959,1308,474
4959,1309,469
4959,1307,477
4959,1306,483
4959,1304,484
4959,1306,484
4959,1306,483
4959,1306,483
4959,1306,480
4959,1305,481
4959,1306,477
4959,1308,474
4959,1307,478
4959,1306,475
4959,1306,475
4959,1306,476
4959,1305,479
4959,1306,476
4959,1305,478
4959,1305,478
4959,1304,478
4959,1304,480
4959,1304,480
4959,1303,479
4959,1303,479
4959,1300,483
4959,1301,481
4959,1302,478
4959,1302,478
4959,1302,479
4959,1305,476
4959,1307,476
4959,1311,470
4959,1308,473
4968,77,22
4968,28,55
4968,120,69
4968,117,86
4968,127,57
4968,131,64
4968,120,57
4968,118,52
4968,131,65
4968,115,73
4968,83,60
4968,81,62
4968,121,78
4968,152,56
4968,142,60
4968,131,72
4968,122,78
4968,70,31
4968,72,43
4968,29,110
4968,71,51
4968,73,49
4968,72,48
4968,72,51
4968,72,55
4968,72,71
4968,68,63
4968,67,65
4968,67,69
4968,68,80
4968,44,108
4968,39,113
4968,42,115
4968,39,129
4968,39,131
4968,39,130
4968,32,135
4968,68,187
4968,69,187
4968,161,194
4968,161,195
4968,145,184
4968,159,199
4968,142,184
4968,142,184
4968,141,185
4968,159,200
4968,159,214
4968,159,215
4968,158,217
4968,158,200
4968,158,200
4968,156,201
4968,159,201
4968,159,201
4968,158,222
4968,157,222
4968,156,224
4968,157,222
4968,154,229
4968,154,230
4968,154,230
4972,1407,350
4972,1401,358
4972,1402,364
4972,1395,375
4972,1393,396
4972,1404,405
4972,1401,428
4972,1403,432
4972,1400,447
4972,1420,413
4972,1409,437
4972,1406,446
4972,1394,488
4972,1405,464
4972,1403,473
4972,1374,465
4972,1374,475
4972,1304,493
4972,1290,512
4972,1299,509
4972,1300,509
4972,1299,518
4972,1302,531
4972,1289,522
4972,1270,519
4972,1288,516
4972,1292,536
4972,1281,548
4972,1294,526
4972,1283,527
4972,1283,530
4972,1289,561
4972,1285,550
4972,1281,568
4972,1263,552
4972,1286,569
4972,1289,575
4972,1261,580
4972,1284,581
4972,1287,582
4972,1260,587
4972,1293,582
4972,1294,583
4972,1307,594
4972,1303,600
4972,1298,600
4972,1285,584
4972,1282,569
4972,1288,590
4972,1288,595
4972,1288,598
4972,1287,591
4972,1288,594
4972,1288,573
4972,1287,593
4972,1287,588
4972,1287,593
4972,1289,592
4972,1289,593
4972,1291,591
4972,1291,593
4972,1286,593
4972,1290,591
4972,1290,591
4972,1289,592
4972,1289,593
4972,1292,593
4972,1287,589
4972,1281,594
4972,1290,595
4972,1285,595
4972,1285,595
4972,1288,600
4972,1288,599
4972,1285,603
4972,1288,599
4972,1263,598
4972,1262,596
4972,1290,603
4972,1290,603
4978,1098,504
4978,1091,503
4978,1093,503
4978,1097,513
4978,1084,500
4978,1080,555
4978,1079,593
4978,1118,565
4978,1120,564
4978,1127,567
4978,1128,574
4978,1128,562
4978,1141,575
4978,1138,564
4978,1146,559
4978,1229,568
4978,1230,569
4978,1229,569
4978,1230,569
4978,1230,569
4978,1229,571
4978,1229,571
4978,1227,571
4978,1251,569
4978,1250,572
4978,1237,571
4978,1250,570
4978,1250,573
4978,1261,592
4978,1249,574
4978,1249,574
4978,1264,593
4978,1264,587
4978,1261,587
4978,1261,575
4978,1244,574
4978,1226,577
4978,1226,578
4978,1226,578
4978,1225,578
4978,1223,580
4978,1227,580
4978,1227,581
4978,1230,579
4978,1226,582
4978,1230,579
4978,1227,582
4978,1229,582
4978,1228,582
4978,1229,583
4978,1229,583
4978,1229,582
4978,1227,582
4978,1238,581
4978,1238,582
4978,1230,581
4978,1230,581
4978,1231,581
4982,1399,555
4982,1418,552
4982,1413,551
4982,1421,566
4982,1431,566
4982,1437,552
4982,1437,572
4982,1438,584
4982,1437,594
4982,1438,606
4982,1439,608
4982,1434,632
4982,1391,645
4982,1381,654
4982,1374,668
4982,1369,680
4982,1385,653
4982,1372,691
4982,1370,697
4982,1368,706
4982,1377,703
4982,1378,708
4982,1374,705
4982,1394,623
4982,1394,632
4982,1383,645
4982,1381,606
4982,1433,636
4982,1439,660
4982,1505,686
4982,1504,696
4982,1493,679
4982,1486,682
4982,1440,710
4982,1428,700
4982,1444,717
4982,1441,710
4982,1438,729
4982,1438,727
4982,1436,729
4982,1431,735
4982,1433,733
4982,1434,733
4982,1437,755
4982,1445,737
4982,1439,750
4982,1447,740
4982,1448,739
4982,1434,749
4982,1438,750
4982,1438,745
4982,1441,738
4982,1437,747
4982,1444,749
4982,1440,750
4982,1437,740
4982,1443,733
4982,1445,738
4982,1447,738
4982,1445,750
4982,1447,721
4982,1447,742
4982,1442,756
4982,1447,756
4982,1447,760
4982,1448,766
4982,1447,766
4982,1441,759
4982,1447,756
4982,1447,762
4982,1440,751
4982,1438,761
4982,1448,764
4982,1423,751
4982,1448,754
4982,1421,751
4982,1446,753
4982,1446,764
4982,1443,755
4982,1439,758
4982,1443,761
4982,1446,764
4982,1442,753
4982,1446,753
4982,1444,753
4982,1447,753
4982,1447,763
4982,1447,765
4982,1446,755
4982,1447,765
4982,1448,756
4982,1448,757
4982,1446,756
4982,1446,757
4982,1445,757
4982,1445,757
4982,1447,756
4982,1446,756
4982,1447,765
4982,1448,750
4982,1448,757
4982,1445,757
4982,1445,758
4982,1445,758
4982,1445,758
4982,1447,758
4982,1446,758
4982,1447,758
4982,1420,755
4982,1447,757
4982,1452,759
4982,1449,759
4982,1449,757
4982,1421,754
4982,1421,755
4982,1421,755
4982,1420,757
4982,1420,755
4982,1421,756
4982,1421,774
4982,1421,756
4982,1422,756
4982,1449,759
4982,1423,755
4982,1424,771
4982,1420,755
4982,1449,757
4982,1419,755
4982,1445,757
4982,1445,757
4982,1419,757
4982,1419,757
4982,1444,759
4982,1444,759
4982,1420,757
4982,1420,757
4982,1423,757
4982,1422,757
4982,1442,757
4982,1442,757
4982,1442,757
4982,1441,757
4982,1441,757
4982,1440,757
4985,1228,46
4985,1227,89
4985,1210,16
4985,1214,22
4985,1218,28
4985,1236,35
4985,1239,41
4985,1240,51
4985,1255,63
4985,1248,77
4985,1260,87
4985,1262,104
4985,1272,109
4985,1270,120
4985,1274,134
4985,1275,142
4985,1275,151
4985,1275,161
4985,1273,168
4985,1273,176
4985,1272,182
4985,1270,173
4985,1270,170
4985,1269,190
4985,1267,213
4985,1282,223
4985,1278,246
4985,1277,248
4985,1273,254
4985,1274,266
4985,1274,273
4985,1268,305
4985,1268,302
4985,1267,307
4985,1266,296
4985,1264,320
4985,1263,323
4985,1257,328
4985,1257,329
4985,1255,333
4985,1255,323
4985,1244,342
4985,1223,335
4985,1224,343
4985,1240,354
4985,1221,360
4985,1220,365
4985,1225,364
4985,1218,369
4985,1229,371
4985,1227,340
4985,1256,408
4985,1256,409
4985,1252,412
4985,1253,404
4985,1255,407
4985,1254,412
4985,1249,412
4985,1250,411
4985,1255,412
4985,1254,411
4985,1253,411
4985,1255,411
4985,1255,411
4985,1254,413
4985,1254,411
4985,1253,411
4985,1253,411
4985,1253,412
4985,1253,412
4985,1253,413
4985,1253,413
4985,1253,413
4985,1253,413
4985,1253,412
4985,1253,413
4985,1253,413
4985,1252,414
4985,1254,414
4985,1253,413
4985,1253,415
4985,1255,417
4985,1252,417
4985,1251,418
4985,1254,415
4985,1255,416
4985,1251,419
4985,1251,419
4985,1251,420
4985,1251,419
4985,1250,418
4985,1250,415
4985,1251,420
4985,1252,414
4985,1250,415
4985,1251,414
4985,1251,421
4985,1250,420
4985,1250,418
4985,1250,419
4985,1250,418
4985,1250,418
4985,1250,421
4985,1250,418
4985,1250,420
4985,1250,419
4985,1250,416
4985,1250,416
4985,1250,416
4985,1252,417
4985,1252,417
4985,1252,418
4985,1252,418
4985,1252,418
4985,1252,420
4985,1252,419
4985,1253,418
4985,1250,418
4985,1250,419
4985,1251,419
4985,1256,418
4985,1250,418
4985,1250,421
4985,1250,418
4985,1252,419
4985,1252,419
4985,1252,419
4985,1250,420
4985,1251,420
4985,1250,420
4985,1250,423
4985,1250,419
4985,1250,419
4985,1250,420
4985,1250,420
4985,1249,419
4985,1249,419
4985,1250,420
4985,1250,419
4985,1250,419
4985,1250,423
4985,1250,423
4985,1250,423
4985,1250,422
4985,1250,424
4985,1250,424
4985,1250,406
4985,1250,419
4985,1250,419
4985,1249,422
4985,1249,422
4985,1251,420
4985,1250,421
4986,1522,579
4986,1523,620
4986,1533,590
4986,1458,581
4986,1458,586
4986,1504,671
4986,1516,712
4986,1515,738
4986,1480,726
4986,1509,814
4986,1531,819
4986,1513,790
4986,1534,824
4986,1562,837
4986,1577,825
4986,1588,828
4986,1576,832
4986,1590,836
4986,1576,833
4986,1562,842
4986,1566,853
4986,1571,856
4986,1570,887
4986,1574,861
4986,1563,867
4986,1566,864
4986,1575,866
4986,1573,866
4986,1568,888
4986,1546,869
4986,1492,892
4986,1571,890
4986,1555,890
4986,1585,870
4986,1560,871
4986,1583,872
4986,1546,873
4986,1551,873
4986,1546,879
4986,1562,875
4986,1553,874
4986,1548,875
4986,1552,875
4986,1543,874
4986,1578,879
4986,1577,902
4986,1576,880
4986,1580,881
4986,1544,902
4986,1579,882
4986,1571,882
4986,1578,883
4986,1562,883
4986,1563,889
4986,1544,883
4986,1563,890
4986,1545,884
4986,1547,885
4986,1545,884
4986,1541,886
4986,1576,886
4986,1563,886
4986,1543,887
4986,1535,887
4986,1535,886
4986,1549,885
4986,1538,891
4986,1538,881
4986,1574,886
4986,1573,886
4986,1573,889
4986,1560,890
4986,1544,882
4986,1539,882
4986,1565,895
4986,1539,895
4986,1539,890
4986,1573,887
4986,1573,887
4986,1573,902
4986,1540,902
4986,1573,891
4986,1535,897
4986,1535,892
4986,1571,883
4986,1576,886
4986,1577,888
4986,1572,888
4986,1572,888
4986,1572,888
4986,1572,888
4986,1572,903
4986,1572,893
4986,1572,904
4986,1563,903
4986,1568,904
4986,1573,912
4986,1573,904
4986,1573,904
4986,1573,904
4986,1545,920
4986,1549,920
4986,1573,894
4986,1573,890
4986,1566,891
4986,1567,898
4986,1573,898
4986,1567,904
4986,1568,895
4986,1538,891
4986,1567,899
4986,1567,899
4986,1538,895
4986,1565,895
4986,1538,895
4986,1542,892
4986,1542,892
4986,1538,892
4986,1569,892
4986,1569,906
4989,726,20
4989,722,25
4989,722,30
4989,725,29
4989,729,37
4989,724,46
4989,720,56
4989,722,63
4989,727,84
4989,731,88
4989,731,103
4989,736,109
4989,739,119
4989,745,129
4989,749,136
4989,739,137
4989,723,159
4989,719,167
4989,734,165
4989,722,171
4989,734,177
4989,756,180
4989,743,191
4989,751,194
4989,757,205
4989,771,199
4989,755,219
4989,776,218
4989,760,218
4989,755,241
4989,766,236
4989,767,249
4989,749,266
4989,722,281
4989,722,293
4989,748,284
4989,724,293
4989,723,306
4989,717,315
4989,719,314
4989,722,322
4989,715,325
4989,722,324
4989,723,332
4989,721,331
4989,713,340
4989,751,337
4989,753,354
4989,717,371
4989,752,358
4989,714,376
4989,714,378
4989,736,374
4989,713,385
4989,715,383
4989,713,389
4989,747,380
4989,745,390
4989,758,391
4989,756,397
4989,757,394
4989,759,394
4989,756,396
4989,753,397
4989,754,397
4989,748,400
4989,742,401
4989,741,405
4989,737,400
4989,743,404
4989,742,408
4989,741,408
4989,742,409
4989,742,409
4989,742,413
4989,742,412
4989,743,419
4989,743,414
4989,742,415
4989,742,415
4989,748,413
4989,741,421
4989,741,420
4989,752,423
4989,749,423
4989,735,410
4989,741,416
4989,735,411
4989,741,414
4989,738,410
4989,741,415
4989,741,413
4989,741,417
4989,741,416
4989,741,415
4989,740,412
4989,740,420
4989,740,421
4989,739,422
4989,741,417
4989,742,418
4989,740,421
4989,740,421
4989,740,421
4989,740,423
4989,740,424
4989,751,420
4989,752,425
4989,752,425
4989,749,429
4989,749,428
4989,749,422
4989,750,423
4989,733,425
4989,740,431
4989,740,423
4989,744,440
4989,755,424
4989,754,430
4989,754,431
4989,746,432
4989,767,426
4989,761,427
4989,755,427
4989,761,427
4989,761,427
4989,761,430
4989,754,430
4989,754,434
4989,755,430
4989,754,430
4989,755,433
4989,755,430
4989,755,429
4989,755,429
4989,755,429
4989,754,436
4989,754,436
4989,748,443
4989,748,443
4989,754,437
4989,754,437
4989,755,437
4989,751,436
4989,753,436
4989,752,436
4989,754,437
4989,754,436
4989,753,429
4989,752,422
4989,753,423
4989,753,437
4989,753,438
4989,754,438
4989,753,432
4989,755,431
4989,754,437
4989,753,438
4989,753,431
4989,752,432
4989,752,458
4989,753,432
4989,753,432
4993,443,147
4993,436,156
4993,452,156
4993,450,166
4993,452,175
4993,457,180
4993,457,186
4993,459,190
4993,474,195
4993,478,196
4993,478,198
4993,483,199
4993,486,199
4993,487,201
4993,492,201
4993,498,203
4993,499,205
4993,499,208
4993,501,212
4993,505,224
4993,507,228
4993,491,230
4993,507,263
4993,508,283
4993,517,290
4993,507,295
4993,505,302
4993,505,305
4993,505,324
4993,505,330
4993,504,337
4993,505,341
4993,506,348
4993,505,356
4993,504,360
4993,508,375
4993,505,377
4993,505,383
4993,505,384
4993,502,390
4993,502,393
4993,499,394
4993,500,401
4993,498,404
4993,498,406
4993,499,409
4993,497,413
4993,498,415
4993,503,422
4993,508,424
4993,507,422
4993,508,358
4993,507,363
4993,519,365
4993,506,370
4993,503,370
4993,519,383
4993,507,372
4993,519,385
4993,507,373
4993,518,387
4993,507,374
4993,521,387
4993,527,388
4993,528,388
4993,527,390
4993,502,375
4993,521,389
4993,497,380
4993,496,380
4993,497,380
4993,497,383
4993,496,384
4993,508,380
4993,508,380
4993,508,381
4993,508,378
4993,524,385
4993,524,400
4993,524,400
4993,508,381
4993,507,379
4993,520,399
4993,525,400
4993,495,384
4993,495,384
4993,496,384
4993,496,388
4993,496,388
4993,495,388
4993,494,389
4993,494,388
4993,494,391
4993,494,392
4993,494,393
4993,514,395
4993,516,395
4993,517,394
4993,496,392
4993,495,392
4993,495,392
4993,494,392
4993,494,393
4993,517,395
4993,494,393
4993,517,395
4993,517,396
4993,518,396
4993,494,394
4993,494,394
4993,494,394
4993,494,393
4993,494,393
4993,494,393
4993,492,395
4993,493,395
4993,493,395
4993,512,399
4993,511,399
4993,511,397
4993,511,397
4993,517,396
4993,517,396
4993,517,396
4993,517,397
4993,517,399
4993,493,398
4993,512,402
4993,512,401
4993,515,401
4993,516,399
4993,515,398
4993,515,399
4993,516,396
4993,516,396
4993,515,397
4993,519,401
4993,518,401
4993,511,402
4993,511,402
4993,510,402
4993,510,402
4993,511,402
4993,516,398
4993,512,407
4993,512,407
4993,512,403
4993,512,408
4993,512,408
4993,512,404
4993,512,404
4993,512,404
4993,512,404
4997,1887,682
4997,1891,656
4997,1881,665
4997,1889,679
4997,1889,663
4997,1885,697
4997,1885,738
4997,1875,746
4997,1881,753
4997,1884,757
4997,1889,821
4997,1889,818
4997,1885,837
4997,1880,868
4997,1878,892
4997,1879,893
4997,1879,896
4997,1870,902
4997,1879,899
4997,1878,901
4997,1878,908
4997,1791,926
4997,1872,924
4997,1854,925
4997,1811,941
4997,1879,927
4997,1854,928
4997,1854,936
4997,1854,936
4997,1877,918
4997,1854,937
4997,1853,937
4997,1872,939
4997,1872,939
4997,1872,939
4997,1872,939
4997,1872,939
4997,1872,939
4997,1873,939
4997,1873,939
4997,1873,939
4997,1873,939
4997,1869,939
4997,1881,939
4997,1881,940
4997,1881,940
4997,1855,940
4997,1857,940
4997,1873,940
4997,1873,941
4997,1854,941
4997,1855,944
4997,1873,945
4997,1881,945
4997,1877,945
4997,1877,945
4997,1873,945
4997,1855,945
4997,1854,945
4997,1854,949
4997,1853,950
4997,1855,947
4997,1855,947
4997,1883,946
4997,1854,947
4997,1878,947
4997,1878,947
4997,1883,952
4997,1882,953
4997,1882,952
4997,1882,953
4997,1882,952
4997,1882,952
4997,1882,953
4997,1883,952
4997,1883,946
4997,1883,942
4997,1883,943
4997,1878,955
4997,1861,954
4997,1861,954
4997,1861,954
4997,1878,954
4997,1878,958
4997,1876,957
4997,1879,941
4997,1879,943
4997,1876,958
4997,1876,942
4997,1879,949
4997,1880,949
4997,1880,949
4997,1879,943
4997,1874,943
4997,1874,943
4997,1874,943
4997,1878,943
4997,1861,946
4997,1878,942
4997,1888,941
4997,1879,942
4997,1879,943
4997,1879,940
4997,1879,944
4997,1875,944
4997,1875,944
4997,1875,945
4997,1875,944
4997,1874,944
4997,1874,944
4997,1875,945
4997,1879,943
4997,1879,943
4997,1885,943
4997,1885,938
4997,1855,956
4997,1863,949
4997,1861,949
4997,1875,946
4997,1879,945
4997,1875,944
5001,174,310
5001,157,308
5001,114,357
5001,143,440
5001,142,404
5001,136,434
5001,142,411
5001,156,450
5001,110,478
5001,131,465
5001,104,470
5001,104,473
5001,132,465
5001,136,500
5001,133,487
5001,103,485
5001,102,490
5001,102,494
5001,102,497
5001,101,533
5001,139,544
5001,139,554
5001,139,558
5001,140,560
5001,149,563
5001,145,567
5001,144,569
5001,147,571
5001,148,571
5001,140,574
5001,146,576
5001,144,559
5001,148,579
5001,148,570
5001,143,579
5001,145,591
5001,146,582
5001,146,592
5001,146,584
5001,146,594
5001,154,564
5001,155,568
5001,155,568
5001,153,571
5001,153,572
5001,153,569
5001,153,573
5001,152,573
5001,134,583
5001,129,583
5001,136,583
5001,133,588
5001,149,573
5001,138,587
5001,140,590
5001,140,590
5001,147,575
5001,137,573
5001,130,585
5001,146,577
5001,141,603
5001,133,585
5001,137,577
5001,139,586
5001,135,597
5001,145,581
5001,145,581
5001,146,580
5001,144,588
5001,144,589
5001,143,593
5001,143,590
5001,139,610
5001,135,609
5001,144,612
5001,144,619
5001,143,594
5001,135,595
5001,143,602
5001,142,602
5001,149,602
5001,142,603
5001,145,607
5001,143,611
5001,145,608
5001,145,612
5001,148,612
5001,147,613
5001,148,615
5001,148,616
5001,148,617
5001,148,615
5001,148,617
5001,148,617
5001,149,617
5001,147,617
5001,148,617
5001,133,614
5001,133,614
5001,132,614
5001,161,629
5001,146,617
5001,148,618
5001,149,618
5001,149,618
5001,149,618
5001,148,622
5001,147,622
5001,115,612
5001,102,612
5001,114,612
5001,105,596
5001,73,594
5001,73,594
5001,72,595
5001,73,596
5001,73,596
5007,621,110
5007,621,118
5007,665,108
5007,666,122
5007,664,80
5007,680,88
5007,682,94
5007,678,99
5007,683,121
5007,662,71
5007,662,72
5007,659,82
5007,655,78
5007,686,59
5007,698,61
5007,684,77
5007,697,65
5007,697,65
5007,683,70
5007,697,67
5007,683,83
5007,684,76
5007,690,78
5007,702,73
5007,700,81
5007,701,82
5007,689,77
5007,689,84
5007,705,82
5007,710,78
5007,707,84
5007,709,81
5007,711,79
5007,711,78
5007,709,84
5007,708,89
5007,708,90
5007,708,92
5007,707,93
5007,708,92
5007,694,93
5007,707,92
5007,705,86
5007,700,92
5007,699,92
5007,707,87
5007,707,87
5007,688,87
5007,694,86
5007,709,86
5007,709,87
5007,695,87
5007,706,87
5007,718,90
5007,718,92
5007,717,89
5007,708,90
5007,707,91
5007,707,90
5007,693,90
5007,701,91
5007,708,95
5007,719,93
5007,718,94
5007,708,90
5007,706,94
5007,714,94
5007,707,95
5007,712,95
5007,716,95
5007,704,102
5007,693,101
5007,717,96
5007,718,96
5007,700,119
5007,717,96
5007,717,96
5007,715,97
5007,702,105
5007,714,97
5007,718,98
5007,714,97
5007,717,98
5007,695,120
5007,711,98
5007,710,97
5007,710,98
5007,711,98
5007,712,98
5007,712,100
5007,711,100
5007,711,104
5007,711,100
5007,709,106
5007,709,106
5007,699,106
5007,709,100
5007,699,100
5007,705,102
5007,709,104
5007,707,103
5007,706,103
5007,694,103
5007,694,104
5007,693,107
5007,713,104
5007,717,105
5007,706,104
5007,717,106
5007,717,106
5007,717,103
5007,717,104
5007,717,104
5007,718,105
5007,718,105
5007,717,106
5007,710,110
5007,719,106
5007,718,106
5007,719,106
5007,719,106
5007,706,111
5007,706,111
5007,706,111
5007,706,111
5007,706,111
5007,706,111
5007,706,111
5015,858,18
5015,858,43
5015,776,22
5015,768,24
5015,768,27
5015,768,28
5015,769,33
5015,768,39
5015,768,46
5015,768,50
5015,767,45
5015,768,57
5015,770,50
5015,780,58
5015,781,69
5015,771,84
5015,777,79
5015,776,84
5015,763,94
5015,764,85
5015,775,100
5015,766,114
5015,766,109
5015,768,122
5015,777,118
5015,766,122
5015,766,122
5015,765,137
5015,764,138
5015,760,140
5015,764,148
5015,762,152
5015,773,145
5015,762,159
5015,763,161
5015,766,163
5015,765,168
5015,765,162
5015,760,170
5015,762,172
5015,763,174
5015,765,180
5015,762,175
5015,764,183
5015,764,184
5015,770,177
5015,764,185
5015,764,188
5015,760,179
5015,761,188
5015,760,181
5015,761,195
5015,761,196
5015,764,195
5015,762,195
5015,763,197
5015,761,195
5015,760,197
5015,762,196
5015,762,196
5015,761,198
5015,761,198
5015,761,200
5015,761,198
5015,763,200
5015,762,200
5015,762,198
5015,762,200
5015,762,199
5015,762,196
5015,762,198
5015,769,191
5015,765,193
5015,762,202
5015,769,193
5015,763,193
5015,765,200
5015,764,203
5015,765,203
5015,773,193
5015,768,203
5015,773,193
5015,771,194
5015,767,201
5015,767,203
5015,766,202
5015,764,203
5015,770,197
5015,768,204
5015,767,203
5015,767,202
5015,768,208
5015,774,200
5015,768,208
5015,768,209
5015,768,209
5015,768,209
5015,768,209
5015,767,211
5015,768,209
5015,768,210
5015,767,210
5015,767,210
5015,767,211
5015,767,210
5015,767,210
5015,767,211
5015,767,212
5015,767,211
5015,775,203
5015,768,213
5015,767,212
5015,767,212
5015,768,211
5015,767,211
5015,768,211
5015,768,217
5015,768,217
5015,768,211
5015,768,211
5015,768,210
5015,769,210
5015,768,214
5015,768,214
5015,769,214
5015,769,214
5015,768,212
5015,768,214
5015,768,215
5015,770,219
5015,770,219
5015,769,219
5015,769,219
5015,769,220
5015,769,220
5015,769,220
5015,769,220
5015,769,220
5015,769,220
5015,770,220
5015,770,220
5015,770,220
5015,771,220
5015,770,220
5015,770,216
5015,769,232
5015,770,214
5015,770,222
5015,770,222
5015,769,223
5016,1468,925
5016,1464,934
5016,1463,948
5016,1400,943
5016,1369,881
5016,1367,884
5016,1368,888
5016,1363,892
5016,1363,900
5016,1349,917
5016,1362,887
5016,1367,910
5016,1358,911
5016,1352,904
5016,1350,919
5016,1348,921
5016,1342,924
5016,1354,932
5016,1346,916
5016,1343,924
5016,1337,919
5016,1344,932
5016,1338,921
5016,1339,922
5016,1316,903
5016,1312,904
5016,1307,906
5016,1306,907
5016,1304,908
5016,1300,909
5016,1307,911
5016,1327,939
5016,1321,940
5016,1325,941
5016,1322,940
5016,1320,940
5016,1322,954
5016,1321,954
5016,1323,954
5016,1319,955
5016,1322,954
5016,1318,943
5016,1319,943
5016,1320,944
5016,1322,944
5016,1321,946
5016,1320,945
5016,1318,945
5016,1319,953
5016,1319,948
5016,1318,946
5016,1319,947
5016,1320,949
5016,1320,948
5016,1305,945
5016,1303,944
5016,1295,947
5016,1303,947
5016,1303,948
5016,1303,948
5016,1319,947
5016,1306,947
5016,1301,949
5016,1301,949
5016,1313,948
5019,1296,581
5019,1293,552
5019,1294,552
5019,1291,572
5019,1292,566
5019,1293,582
5019,1301,595
5019,1306,598
5019,1292,596
5019,1293,609
5019,1299,618
5019,1299,606
5019,1298,611
5019,1299,625
5019,1299,634
5019,1305,630
5019,1303,637
5019,1305,639
5019,1310,645
5019,1307,626
5019,1308,636
5019,1310,639
5019,1305,636
5019,1309,636
5019,1305,644
5019,1306,647
5019,1306,652
5019,1290,660
5019,1293,671
5019,1278,679
5019,1292,681
5019,1283,690
5019,1282,692
5019,1294,707
5019,1285,712
5019,1304,804
5019,1287,811
5019,1276,789
5019,1277,791
5019,1281,798
5019,1274,797
5019,1278,798
5019,1276,795
5019,1268,801
5019,1272,803
5019,1272,802
5019,1272,803
5019,1278,802
5019,1273,802
5019,1275,802
5019,1274,803
5019,1273,803
5019,1281,804
5019,1280,800
5019,1275,801
5019,1275,802
5019,1275,801
5019,1275,799
5024,1188,198
5024,1188,202
5024,1182,214
5024,1186,222
5024,1184,236
5024,1180,245
5024,1186,298
5024,1186,303
5024,1183,312
5024,1187,316
5024,1186,324
5024,1180,325
5024,1180,328
5024,1197,334
5024,1176,371
5024,1251,316
5024,1252,280
5024,1259,305
5024,1251,312
5024,1217,328
5024,1236,319
5024,1259,276
5024,1263,315
5024,1263,315
5024,1263,308
5024,1264,315
5024,1236,324
5024,1263,334
5024,1260,342
5024,1259,284
5024,1257,319
5024,1259,319
5024,1260,280
5024,1260,319
5024,1260,316
5024,1261,316
5024,1258,316
5024,1258,317
5024,1255,318
5024,1255,295
5024,1254,320
5024,1254,324
5024,1253,320
5024,1257,320
5024,1254,320
5024,1255,320
5024,1255,320
5024,1254,320
5024,1255,320
5024,1256,321
5024,1255,321
5024,1255,321
5024,1249,305
5024,1256,321
5024,1252,321
5024,1252,323
5024,1169,280
5024,1174,273
5024,1170,273
5024,1169,282
5024,1169,282
5024,1160,280
5024,1170,280
5024,1170,280
5024,1170,285
5024,1170,284
5024,1170,280
5025,1363,209
5025,1314,123
5025,1330,135
5025,1320,141
5025,1310,141
5025,1314,152
5025,1323,141
5025,1312,147
5025,1314,163
5025,1320,165
5025,1320,148
5025,1303,146
5025,1327,166
5025,1324,176
5025,1307,170
5025,1306,178
5025,1295,179
5025,1301,155
5025,1305,156
5025,1291,157
5025,1294,137
5025,1301,154
5025,1279,131
5025,1286,152
5025,1298,155
5025,1292,138
5025,1288,140
5025,1295,140
5025,1292,139
5025,1290,140
5025,1290,140
5025,1284,137
5025,1292,140
5025,1293,134
5025,1291,135
5025,1290,135
5025,1285,146
5025,1291,135
5025,1291,135
5025,1293,136
5025,1296,138
5025,1289,142
5025,1277,141
5025,1281,136
5025,1286,143
5025,1288,138
5025,1289,155
5025,1297,168
5025,1286,156
5025,1295,165
5025,1286,158
5025,1296,159
5025,1292,170
5025,1284,160
5025,1294,189
5025,1291,187
5025,1292,187
5025,1287,190
5025,1291,188
5025,1291,189
5025,1287,192
5025,1287,191
5025,1287,192
5025,1292,189
5025,1292,189
5025,1292,189
5025,1292,191
5025,1292,192
5025,1287,194
5025,1291,191
5025,1286,194
5025,1292,192
5026,812,712
5026,806,732
5026,809,702
5026,810,747
5026,804,716
5026,802,717
5026,731,708
5026,731,692
5026,733,690
5026,733,692
5026,745,695
5026,746,703
5026,746,689
5026,745,689
5026,747,694
5026,813,664
5026,816,659
5026,812,675
5026,818,665
5026,819,663
5026,819,664
5026,811,673
5026,810,673
5026,820,672
5026,821,669
5026,821,669
5026,822,670
5026,822,674
5026,822,674
5028,356,410
5028,365,434
5028,373,465
5028,364,474
5028,362,452
5028,378,471
5028,381,476
5028,380,468
5028,380,473
5028,393,478
5028,394,495
5028,400,499
5028,393,507
5028,398,507
5028,427,514
5028,345,546
5028,397,547
5028,421,551
5028,380,515
5028,395,575
5028,375,585
5028,386,577
5028,382,580
5028,371,581
5028,371,583
5028,383,584
5028,378,586
5028,368,598
5028,370,588
5028,377,589
5028,370,594
5028,378,592
5028,380,592
5028,375,593
5028,375,594
5028,378,594
5028,380,581
5028,372,595
5028,381,595
5028,380,595
5028,377,596
5028,383,596
5028,375,581
5028,376,596
5028,378,582
5028,377,582
5028,378,583
5028,373,584
5028,377,584
5028,378,586
5028,374,584
5028,377,584
5028,380,585
5028,380,599
5028,369,586
5028,371,587
5028,374,587
5028,371,601
5028,371,601
5028,370,586
5028,373,588
5028,371,587
5028,372,607
5028,372,591
5028,372,590
5028,367,590
5028,367,590
5028,367,591
5028,366,591
5028,371,591
5028,365,591
5028,365,611
5028,366,610
5028,366,608
5028,364,594
5028,371,588
5028,363,594
5028,366,594
5028,366,595
5028,365,595
5028,355,595
5028,365,595
5028,371,595
5028,368,595
5028,366,595
5028,361,595
5028,359,595
5028,366,596
5028,363,596
5028,361,596
5028,369,590
5028,358,596
5028,358,597
5028,359,597
5028,367,597
5028,361,597
5028,361,598
5028,366,598
5028,364,598
5028,360,598
5028,362,598
5028,365,613
5028,365,613
5028,368,615
5028,368,592
5028,368,592
5028,368,600
5028,358,600
5028,360,601
5028,360,601
5028,365,594
5028,364,601
5028,371,593
5028,365,601
5028,365,601
5028,366,601
5028,365,602
5028,365,601
5028,366,602
5028,357,602
5028,364,603
5028,365,602
5028,359,603
5028,358,603
5028,357,603
5028,357,603
5028,364,594
5028,359,603
5028,357,604
5028,365,604
5029,312,283
5029,310,286
5029,310,312
5029,309,346
5029,310,360
5029,333,273
5029,341,282
5029,338,285
5029,351,284
5029,351,290
5029,351,291
5029,351,293
5029,349,295
5029,353,298
5029,350,300
5029,334,301
5029,332,303
5029,338,303
5029,332,303
5029,333,310
5029,331,303
5029,307,293
5029,282,293
5029,337,311
5029,317,303
5029,332,314
5029,312,307
5029,322,315
5029,314,315
5029,344,317
5029,338,319
5029,341,319
5029,339,325
5029,341,325
5029,352,319
5029,342,318
5029,353,320
5029,341,319
5029,350,321
5029,350,319
5029,350,322
5029,356,322
5029,343,322
5029,343,322
5029,343,323
5029,342,323
5029,342,327
5029,342,331
5029,342,328
5029,342,324
5029,342,324
5029,342,322
5029,345,323
5029,343,327
5029,342,324
5029,338,324
5029,338,323
5029,339,323
5029,338,330
5029,337,335
5029,335,326
5029,336,326
5029,330,324
5029,328,326
5029,332,334
5029,329,343
5029,329,326
5029,329,325
5029,329,327
5029,328,327
5029,329,327
5029,326,327
5029,329,338
5029,328,329
5029,328,337
5029,329,329
5029,328,354
5029,327,357
5029,328,358
5029,329,326
5029,328,326
5029,329,329
5029,329,329
5029,329,358
5029,320,356
5029,318,356
5029,319,356
5029,330,356
5029,334,357
5029,338,351
5029,338,352
5029,327,357
5029,338,352
5029,338,352
5029,338,352
5029,337,358
5029,337,358
5029,338,357
5029,338,357
5029,338,357
5031,136,1058
5031,136,1062
5031,102,1053
5031,108,1056
5031,111,1056
5031,114,1057
5031,113,1054
5031,115,1055
5031,122,1058
5031,123,1059
5031,122,1059
5031,121,1060
5031,82,1040
5031,82,1040
5031,83,1051
5031,83,1040
5031,83,1052
5031,82,1040
5031,83,1040
5031,82,1040
5031,82,1038
5031,82,1041
5031,81,1045
5031,81,1045
5031,81,1053
5031,81,1052
5031,81,1052
5031,81,1052
5031,81,1051
5031,71,1051
5031,80,1051
5031,81,1045
5031,81,1045
5031,81,1050
5031,80,1052
5031,68,1052
5031,68,1052
5031,67,1052
5031,67,1054
5031,67,1052
5031,65,1052
5031,63,1052
5031,63,1052
5031,62,1052
5031,60,1058
5031,60,1059
5031,60,1059
5031,60,1059
5031,60,1059
5031,60,1059
5031,60,1059
5031,37,1060
5031,37,1060
5031,36,1060
5031,60,1060
5031,60,1061
5031,60,1061
5031,60,1061
5031,60,1061
5031,60,1061
5031,60,1061
5031,60,1062
5031,60,1063
5031,53,1063
5031,53,1063
5031,52,1063
5031,52,1063
5031,52,1063
5031,52,1063
5031,52,1064
5031,51,1064
5031,51,1064
5031,51,1064
5031,52,1064
5031,51,1025
5031,51,1025
5031,50,1026
5031,51,1026
5031,52,1026
5031,50,1026
5031,51,1026
5031,51,1026
5031,51,1026
5031,52,1028
5031,52,1029
5031,52,1029
5031,52,1029
5031,53,1029
5031,53,1029
5031,53,1029
5031,52,1029
5031,39,1037
5031,40,1037
5031,39,1037
5031,39,1037
5031,39,1037
5031,39,1037
5031,39,1037
5031,39,1037
5031,39,1037
5031,39,1037
5031,40,1037
5031,40,1037
5031,39,1040
5031,39,1040
5031,39,1040
5031,39,1041
5031,39,1041
5031,41,1041
5031,41,1041
5031,41,1042
5036,1293,17
5036,1297,46
5036,1299,47
5036,1296,27
5036,1293,34
5036,1301,86
5036,1300,91
5036,1298,71
5036,1298,75
5036,1296,80
5036,1296,110
5036,1302,116
5036,1288,93
5036,1296,99
5036,1283,113
5036,1285,114
5036,1283,116
5036,1283,119
5036,1284,121
5036,1283,127
5036,1293,120
5036,1294,122
5036,1298,122
5036,1298,123
5036,1298,123
5036,1284,168
5036,1319,171
5036,1320,167
5036,1321,170
5036,1301,164
5036,1309,191
5036,1320,190
5036,1321,185
5036,1323,187
5036,1292,180
5036,1293,181
5036,1293,181
5036,1303,189
5036,1303,191
5036,1292,180
5036,1291,161
5036,1299,171
5036,1307,200
5036,1288,185
5036,1291,183
5036,1295,180
5036,1288,186
5036,1291,187
5036,1293,182
5036,1288,187
5036,1284,140
5036,1275,140
5036,1279,139
5036,1282,138
5036,1281,138
5036,1278,146
5036,1279,146
5036,1278,146
5036,1279,138
5036,1278,139
5036,1278,139
5036,1278,148
5036,1278,158
5036,1278,141
5036,1279,160
5036,1279,148
5036,1278,147
5036,1278,148
5036,1278,141
5036,1289,144
5036,1286,143
5036,1288,143
5036,1277,149
5036,1287,151
5036,1278,143
5036,1289,144
5036,1290,144
5036,1279,154
5036,1287,151
5036,1285,151
5036,1284,151
5036,1283,152
5036,1264,154
5036,1265,154
5036,1278,156
5036,1281,154
5036,1281,154
5036,1281,154
5036,1281,154
5036,1280,155
5036,1282,161
5036,1283,156
5036,1283,156
5036,1280,156
5036,1281,156
5036,1284,156
5036,1284,162
5036,1284,162
5036,1283,156
5036,1284,156
5036,1281,162
5036,1286,162
5036,1286,162
5036,1284,153
5036,1278,158
5036,1278,158
5036,1278,158
5036,1279,158
5036,1278,159
5036,1283,158
5036,1282,159
5036,1283,158
5036,1291,154
5037,719,15
5037,723,18
5037,783,20
5037,724,23
5037,693,25
5037,698,32
5037,702,34
5037,718,37
5037,709,39
5037,711,41
5037,704,43
5037,706,46
5037,711,47
5037,711,49
5037,702,51
5037,698,52
5037,715,54
5037,711,56
5037,730,58
5037,752,19
5037,759,21
5037,718,16
5037,719,16
5037,718,16
5037,720,16
5037,720,17
5037,720,17
5037,720,17
5037,720,17
5037,720,18
5037,721,18
5037,721,18
5037,720,18
5037,721,18
5037,722,19
5037,722,19
5037,721,19
5037,722,19
5037,722,20
5037,720,19
5037,721,19
5037,719,19
5037,719,19
5037,719,20
5037,719,20
5037,719,20
5037,718,20
5037,719,21
5037,718,21
5037,719,21
5037,719,21
5037,719,22
5037,717,22
5037,719,22
5037,717,22
5037,718,22
5037,718,22
5037,715,22
5037,718,22
5037,718,23
5037,714,23
5037,715,23
5037,719,23
5037,719,24
5037,718,24
5037,718,24
5037,717,24
5037,716,24
5037,717,24
5037,717,24
5037,716,24
5037,717,25
5037,717,25
5037,716,25
5037,716,25
5037,718,25
5037,718,25
5037,715,25
5037,711,25
5037,711,25
5037,716,25
5037,715,25
5037,715,25
5037,716,25
5037,715,25
5037,715,25
5037,713,26
5037,713,26
5037,713,26
5037,713,26
5037,714,26
5037,714,26
5037,714,26
5037,713,26
5037,713,26
5037,713,26
5037,715,27
5037,714,27
5037,714,27
5037,714,27
5037,714,27
5037,715,27
5037,715,27
5037,715,27
5037,715,27
5037,715,27
5037,713,28
5037,714,28
5037,714,28
5037,714,28
5037,714,28
5037,715,28
5037,715,28
5037,710,28
5037,714,28
5037,713,28
5037,716,28
5037,715,28
5037,714,28
5037,713,29
5037,713,29
5037,715,29
5040,660,19
5040,688,20
5040,653,21
5040,664,52
5040,663,54
5040,661,58
5040,593,16
5040,604,38
5040,605,40
5040,602,45
5040,608,44
5040,603,48
5040,603,50
5040,605,51
5040,602,50
5040,597,36
5040,598,58
5040,612,49
5040,605,52
5040,604,69
5040,606,65
5040,601,68
5040,650,136
5040,651,141
5040,650,137
5040,651,140
5040,636,143
5040,648,140
5040,651,137
5040,649,146
5040,649,139
5040,649,138
5040,650,144
5040,650,144
5040,650,144
5040,651,144
5040,649,139
5040,650,145
5040,650,145
5040,650,146
5040,650,146
5040,650,147
5040,650,147
5040,650,148
5040,650,147
5040,650,148
5040,650,147
5040,650,147
5040,650,146
5040,650,145
5040,650,148
5040,650,144
5040,649,145
5040,649,149
5040,649,149
5040,649,149
5040,646,150
5040,640,150
5040,637,150
5040,637,150
5040,637,150
5040,637,146
5040,637,147
5040,637,151
5040,650,151
5040,649,151
5040,649,153
5040,650,151
5040,637,152
5040,636,152
5040,636,152
5040,650,152
5040,649,152
5046,156,564
5046,152,570
5046,153,576
5046,131,604
5046,148,601
5046,152,578
5046,164,582
5046,154,584
5046,140,546
5046,145,610
5046,141,638
5046,142,644
5046,145,661
5046,142,647
5046,141,647
5046,140,638
5046,134,647
5046,141,639
5046,129,638
5046,132,639
5046,154,657
5046,144,668
5046,143,669
5046,152,668
5046,143,670
5046,142,666
5046,145,662
5046,150,664
5046,150,663
5046,131,661
5046,143,667
5046,135,666
5046,139,672
5046,149,670
5046,145,670
5046,150,668
5046,141,666
5046,140,666
5046,133,666
5046,138,666
5046,141,666
5046,143,672
5046,142,669
5046,142,674
5046,142,671
5046,135,670
5046,135,671
5046,135,670
5046,135,670
5046,135,670
5046,143,671
5046,144,672
5046,144,673
5046,144,673
5046,152,671
5046,151,671
5046,151,671
5046,150,674
5046,150,673
5046,150,675
5046,150,676
5046,151,673
5046,144,672
5046,151,673
5046,151,675
5046,151,675
5046,150,675
5046,144,674
5046,144,673
5046,144,674
5046,145,674
5046,144,674
5046,144,674
5046,144,674
5046,144,674
5046,142,671
5046,152,676
5046,144,675
5046,146,654
5046,162,639
5046,162,639
5046,146,628
5046,147,628
5046,162,639
5049,1522,715
5049,1553,724
5049,1591,761
5049,1589,768
5049,1575,772
5049,1576,773
5049,1576,777
5049,1581,780
5049,1575,783
5049,1576,784
5049,1578,789
5049,1573,789
5049,1574,793
5049,1574,792
5049,1573,799
5049,1572,800
5049,1571,799
5049,1574,800
5049,1574,801
5049,1576,800
5049,1571,805
5049,1575,798
5049,1571,802
5049,1575,801
5049,1572,801
5049,1572,796
5049,1573,798
5049,1571,798
5049,1574,805
5049,1574,806
5049,1575,808
5049,1575,807
5049,1574,810
5049,1575,810
5049,1573,808
5049,1575,807
5049,1573,808
5049,1574,809
5049,1584,813
5049,1573,812
5049,1572,808
5049,1570,809
5049,1571,808
5049,1571,809
5049,1571,811
5049,1574,814
5049,1572,810
5049,1572,809
5049,1571,810
5049,1570,815
5049,1563,812
5049,1572,813
5049,1580,813
5049,1582,818
5049,1580,818
5049,1572,812
5049,1570,808
5049,1576,816
5049,1581,810
5049,1578,814
5049,1582,816
5049,1582,816
5049,1573,811
5049,1581,810
5049,1573,815
5049,1572,816
5049,1573,816
5049,1573,816
5049,1574,816
5049,1573,811
5049,1573,816
5049,1574,809
5049,1570,812
5049,1574,818
5049,1574,818
5049,1575,821
5049,1575,821
5049,1575,819
5049,1581,815
5049,1585,819
5049,1582,815
5049,1577,817
5049,1577,817
5049,1576,817
5049,1575,818
5049,1574,812
5049,1564,810
5049,1564,810
5049,1576,819
5049,1575,819
5049,1576,819
5049,1574,820
5049,1574,820
5049,1575,819
5049,1575,819
5049,1574,820
5049,1573,820
5049,1576,819
5049,1576,819
5049,1576,819
5049,1577,819
5049,1577,819
5050,1645,821
5050,1736,837
5050,1737,842
5050,1738,851
5050,1776,866
5050,1738,902
5050,1735,896
5050,1736,897
5050,1777,858
5050,1737,900
5050,1773,880
5050,1770,872
5050,1741,916
5050,1817,947
5050,1820,946
5050,1754,924
5050,1825,950
5050,1825,950
5050,1759,911
5050,1759,911
5050,1750,911
5050,1761,911
5050,1753,912
5050,1749,912
5050,1736,909
5050,1736,910
5050,1740,911
5050,1739,910
5050,1739,910
5050,1736,914
5050,1740,915
5050,1732,914
5051,279,493
5051,284,488
5051,280,497
5051,276,514
5051,276,514
5051,275,529
5051,278,512
5051,275,517
5051,278,520
5051,275,528
5051,275,530
5051,272,563
5051,267,572
5051,268,568
5051,272,566
5051,271,565
5051,271,564
5051,272,567
5051,270,564
5051,271,566
5051,271,566
5051,272,566
5051,270,568
5051,270,567
5051,269,568
5051,268,568
5051,268,569
5051,268,569
5051,268,571
5051,269,571
5051,268,570
5051,269,568
5051,268,570
5051,269,568
5051,269,569
5051,268,570
5051,268,570
5051,269,571
5051,269,571
5051,269,569
5051,270,569
5051,269,570
5051,270,578
5051,270,578
5051,270,570
5051,270,571
5051,270,571
5054,1553,947
5054,1547,960
5054,1542,974
5054,1533,981
5054,1546,984
5054,1547,985
5054,1538,1002
5054,1535,1002
5054,1536,1009
5054,1536,1008
5054,1536,1009
5054,1536,1009
5054,1536,1009
5054,1536,1009
5054,1553,1000
5054,1553,1000
5054,1538,1018
5054,1532,1027
5054,1538,1018
5054,1538,1018
5057,1444,583
5057,1453,581
5057,1453,594
5057,1452,595
5057,1458,594
5057,1447,595
5057,1453,599
5057,1447,606
5057,1451,603
5057,1449,603
5057,1455,601
5057,1454,607
5057,1458,605
5057,1457,605
5057,1460,605
5057,1461,607
5057,1461,606
5057,1461,619
5057,1461,620
5057,1457,616
5057,1451,621
5057,1453,623
5057,1450,628
5057,1454,629
5057,1451,629
5057,1456,629
5057,1453,629
5057,1449,634
5057,1450,634
5057,1450,634
5057,1450,634
5057,1452,634
5057,1454,632
5057,1454,634
5057,1453,632
5057,1453,631
5057,1452,631
5057,1453,631
5057,1453,631
5057,1453,631
5057,1454,633
5057,1453,633
5057,1453,633
5057,1452,633
5057,1452,634
5057,1452,633
5057,1451,633
5057,1451,633
5057,1451,633
5057,1452,633
5057,1452,633
5057,1452,633
5057,1452,631
5058,1593,36
5058,1689,17
5058,1692,20
5058,1693,21
5058,1692,23
5058,1691,22
5058,1671,27
5058,1672,27
5058,1669,42
5058,1670,31
5058,1671,33
5058,1670,34
5058,1671,34
5058,1649,34
5058,1672,34
5058,1669,33
5058,1672,35
5058,1672,33
5058,1669,49
5058,1669,48
5058,1670,38
5058,1668,38
5058,1671,36
5058,1671,36
5058,1671,36
5058,1671,36
5058,1671,36
5058,1673,34
5058,1672,36
5058,1673,36
5058,1671,36
5058,1671,36
5058,1671,34
5058,1666,36
5058,1646,36
5058,1646,50
5058,1646,49
5058,1646,49
5058,1646,51
5058,1666,51
5058,1646,51
5058,1648,40
5058,1646,36
5058,1655,31
5058,1655,32
5058,1650,32
5058,1655,30
5058,1654,30
5058,1654,30
5058,1654,30
5058,1652,30
5058,1652,30
5058,1651,30
5058,1667,34
5058,1665,34
5058,1654,30
5058,1655,22
5058,1654,21
5058,1654,21
5058,1655,21
5058,1655,21
5058,1652,21
5059,570,16
5059,579,16
5059,585,17
5059,586,18
5059,583,20
5059,579,23
5059,582,24
5059,586,22
5059,586,23
5059,586,19
5059,586,20
5059,584,20
5059,573,28
5059,571,29
5059,597,26
5059,595,30
5059,576,32
5059,577,32
5059,577,34
5059,576,33
5059,570,32
5059,575,33
5059,575,37
5059,576,34
5059,576,33
5059,574,34
5059,574,34
5059,573,34
5059,575,34
5059,575,34
5059,575,35
5059,578,35
5059,575,35
5059,581,32
5059,578,32
5059,578,32
5059,579,32
5059,578,32
5059,573,38
5059,577,42
5059,602,31
5059,579,33
5059,578,40
5059,574,40
5059,574,41
5059,574,34
5059,576,41
5059,579,36
5059,577,34
5059,577,35
5059,577,34
5059,577,35
5059,576,35
5059,577,35
5059,577,35
5059,576,35
5059,576,36
5059,576,36
5059,579,37
5059,579,37
5059,574,36
5059,583,37
5059,590,41
5059,585,46
5059,586,41
5059,585,37
5059,585,37
5059,584,38
5059,581,39
5059,579,39
5059,582,39
5059,582,39
5059,585,39
5059,587,39
5059,578,39
5059,586,40
5059,586,48
5059,587,48
5059,587,48
5059,595,41
5059,588,40
5059,581,41
5059,581,41
5059,587,41
5059,588,41
5059,586,42
5059,585,42
5059,589,45
5059,585,45
5059,589,43
5059,595,43
5059,586,44
5059,588,43
5059,590,43
5059,587,44
5059,586,44
5059,586,44
5059,585,44
5059,585,44
5059,589,44
5059,588,45
5059,588,45
5059,588,45
5059,586,45
5059,588,46
5059,588,46
5059,588,47
5059,587,47
5059,587,47
5059,580,46
5060,1388,820
5060,1391,825
5060,1391,891
5060,1400,902
5060,1384,875
5060,1412,904
5060,1410,938
5060,1413,948
5060,1418,921
5060,1410,932
5060,1409,926
5060,1409,926
5060,1409,922
5060,1405,922
5060,1388,930
5060,1408,934
5060,1411,938
5060,1411,932
5060,1412,928
5060,1412,930
5060,1412,933
5060,1412,934
5060,1412,934
5060,1417,953
5060,1415,930
5060,1415,931
5060,1408,935
5060,1416,942
5060,1408,929
5060,1407,927
5060,1389,923
5060,1416,929
5060,1416,928
5060,1416,923
5060,1418,934
5060,1408,935
5060,1408,935
5060,1408,939
5060,1408,940
5060,1408,936
5060,1408,933
5060,1409,927
5060,1401,931
5060,1408,939
5060,1409,936
5060,1409,936
5060,1409,939
5060,1409,931
5060,1409,920
5060,1410,920
5060,1410,920
5060,1409,921
5060,1411,931
5060,1410,926
5061,52,682
5061,49,689
5061,51,695
5061,51,700
5061,53,697
5061,53,698
5061,49,711
5061,46,713
5061,48,712
5061,54,711
5061,46,711
5061,45,711
5061,53,714
5061,52,713
5061,52,713
5061,51,714
5061,53,713
5061,53,714
5061,44,714
5061,52,716
5061,137,736
5061,137,735
5064,497,617
5064,496,607
5064,416,652
5064,393,630
5064,362,631
5064,363,632
5064,391,632
5064,359,644
5064,347,639
5064,351,638
5064,351,638
5064,352,638
5064,369,637
5064,372,637
5064,341,647
5064,356,634
5064,352,627
5064,347,644
5067,1387,635
5067,1388,626
5067,1389,640
5067,1398,591
5067,1363,647
5067,1378,631
5067,1379,637
5067,1379,632
5067,1402,578
5067,1390,625
5067,1385,631
5067,1385,626
5067,1392,624
5067,1392,623
5067,1385,634
5067,1389,562
5069,1442,19
5069,1437,22
5069,1440,23
5069,1448,25
5069,1448,25
5069,1448,25
5069,1447,26
5069,1448,21
5069,1445,25
5069,1443,35
5070,1175,388
5070,1202,368
5070,1211,358
5070,1206,365
5070,1207,366
5070,1207,366
5070,1211,361
5070,1206,367
5070,1205,367
5070,1207,367
5070,1207,366
5070,1207,367
5070,1206,367
5070,1205,368
5070,1212,362
5070,1209,362
5070,1206,368
5070,1206,368
5070,1206,369
5070,1209,363
5070,1212,364
5070,1209,364
5070,1209,364
5070,1207,369
5070,1207,369
5070,1206,369
5070,1207,369
5070,1205,369
5070,1206,370
5070,1206,372
5070,1210,365
5070,1209,365
5070,1206,372
5070,1207,372
5070,1206,372
5070,1206,372
5070,1206,372
5070,1206,372
5070,1206,372
5070,1206,371
5070,1205,371
5070,1206,371
5070,1206,372
5070,1206,371
5070,1206,371
5070,1206,372
5070,1207,372
5070,1207,372
5070,1209,368
5071,870,33
5071,871,18
5071,870,19
5071,869,19
5071,869,19
5071,869,19
5071,870,20
5071,869,35
5071,868,15
5071,869,15
5071,868,16
5071,868,16
5071,868,16
5071,868,16
5071,868,16
5071,868,16
5071,868,17
5071,868,17
5071,868,18
5071,868,40
5071,868,18
5071,867,20
5071,867,38
5071,867,39
5071,867,20
5071,867,19
5071,866,19
5071,867,19
5071,869,19
5071,868,20
5071,869,20
5071,868,20
5071,869,20
5071,869,20
5071,869,20
5071,869,20
5071,869,21
5071,870,21
5071,871,21
5071,871,22
5072,1214,112
5072,1199,109
5072,1192,111
5072,1192,104
5072,1193,103
5072,1193,111
5072,1190,118
5072,1192,116
5072,1192,118
5072,1191,121
5072,1193,121
5072,1185,124
5072,1190,122
5072,1193,117
5072,1194,118
5072,1194,117
5072,1194,116
5072,1192,123
5072,1190,123
5072,1187,126
5072,1187,126
5072,1183,123
5072,1183,123
5072,1189,123
5072,1166,113
5072,1166,113
5072,1166,95
5072,1188,124
5072,1191,118
5072,1192,118
5072,1191,119
5072,1191,119
5072,1191,119
5072,1192,119
5073,1499,778
5073,1501,779
5073,1479,753
5073,1479,773
5073,1480,753
5073,1489,757
5073,1480,757
5073,1492,785
5073,1499,790
5073,1492,777
5073,1496,796
5073,1496,791
5073,1496,792
5073,1500,792
5073,1500,791
5073,1491,790
5073,1494,790
5073,1491,791
5073,1491,791
5073,1491,791
5073,1498,780
5073,1496,780
5073,1496,780
5073,1492,784
5073,1492,784
5073,1488,775
5073,1488,775
5074,1690,29
5074,1669,36
5074,1668,36
5074,1668,36
5074,1671,36
5074,1670,36
5074,1687,30
5074,1687,32
5074,1669,36
5074,1666,36
5074,1668,32
5074,1666,39
5074,1669,39
5074,1668,39
5074,1667,39
5074,1668,39
5074,1668,39
5074,1667,38
5074,1667,38
5074,1667,38
5074,1667,38
5074,1668,32
5074,1668,35
5074,1668,35
5074,1667,36
5074,1667,33
5074,1668,35
5074,1667,33
5074,1667,33
5074,1667,33
5074,1667,33
5074,1667,33
5074,1667,33
5074,1667,33
5074,1667,33
5074,1666,35
5074,1665,37
5074,1666,37
5074,1665,37
5074,1665,36
5074,1664,35
5074,1659,30
5074,1666,36
5074,1667,36
5074,1667,37
5074,1668,37
5074,1667,37
5074,1686,51
5076,1394,833
5076,1382,878
5076,1388,857
5076,1383,878
5076,1384,880
5076,1384,883
5076,1384,883
5076,1387,852
5076,1382,879
5076,1394,845
5076,1394,846
5076,1386,859
5077,472,590
5077,477,592
5077,463,594
5077,458,594
5077,390,635
5077,391,634
5077,388,635
5077,389,635
5077,369,641
5077,368,637
5077,370,640
5077,369,639
5077,369,639
5077,356,641
5077,356,637
5077,356,640
5077,356,640
5077,358,638
5077,357,638
5077,382,638
5077,382,638
5077,382,638
5077,388,640
5077,373,637
5077,373,638
5077,373,634
5077,375,640
5077,372,625
5077,367,638
5077,367,641
5077,375,639
5077,369,640
5077,367,641
5077,367,640
5077,367,639
5077,367,641
5077,367,641
5077,367,644
5077,367,642
5077,364,644
5077,371,644
5077,371,644
5077,372,642
5077,371,639
5077,371,639
5078,1432,326
5078,1430,318
5078,1432,318
5078,1425,318
5078,1424,319
5078,1420,314
5078,1420,309
5078,1421,312
5078,1421,317
5078,1420,317
5078,1420,318
5078,1420,317
5078,1431,323
5078,1424,323
5081,326,925
5081,317,932
5081,325,933
5081,325,936
5081,326,933
5081,326,933
5081,325,934
5081,325,936
5081,327,926
5081,325,934
5081,259,925
5081,234,913
5081,272,925
5081,260,925
5081,272,925
5081,272,925
5081,272,925
5081,235,915
5081,236,915
5081,236,915
5081,235,916
5081,238,916
5081,237,916
5081,161,969
5081,162,969
5081,162,969
5081,161,973
5081,161,974
5081,161,975
5081,160,975
5081,160,975
5081,161,976
5081,161,971
5081,161,971
5081,161,971
5081,161,976
5081,160,976
5081,160,976
5081,160,977
5081,160,978
5081,160,973
5081,160,979
5081,161,978
5084,1893,771
5084,1893,771
5084,1893,766
5084,1893,767
5084,1892,766
5084,1893,770
5084,1893,768
5084,1894,768
5084,1894,771
5084,1893,771
5084,1893,771
5084,1893,771
5084,1893,771
5084,1894,771
5084,1894,772
5084,1894,772
5084,1894,770
5084,1894,771
5084,1894,764
5084,1894,764
5084,1894,766
5084,1894,765
5084,1894,766
5084,1894,766
5084,1893,770
5084,1893,766
5084,1893,766
5084,1894,767
5084,1894,766
5084,1893,766
5084,1893,767
5084,1893,767
5084,1894,772
5084,1894,773
5084,1894,773
5084,1894,774
5084,1894,774
5084,1894,774
5084,1894,777
5084,1894,775
5084,1894,775
5084,1894,777
5084,1894,777
5084,1894,775
5084,1894,775
5084,1894,777
5084,1894,777
5084,1894,777
5084,1894,777
5084,1894,777
5085,1882,881
5085,1880,881
5085,1879,881
5085,1878,881
5085,1880,881
5085,1881,880
5085,1878,881
5085,1881,880
5085,1881,880
5085,1881,880
5085,1881,881
5085,1881,881
5085,1881,881
5085,1882,881
5085,1882,883
5085,1881,882
5085,1867,881
5085,1860,878
5085,1882,882
5085,1878,882
5085,1876,882
5085,1876,882
5085,1879,883
5085,1872,883
5085,1874,883
5085,1870,886
5085,1870,886
5085,1880,883
5085,1865,883
5085,1865,883
5085,1876,884
5085,1865,884
5085,1879,884
5085,1879,883
5085,1880,884
5085,1880,884
5085,1883,884
5085,1880,884
5085,1881,884
5085,1872,884
5086,187,15
5086,276,29
5086,276,29
5086,286,100
5086,290,96
5086,290,108
5086,287,108
5086,292,109
5086,277,109
5086,277,99
5086,240,80
5086,232,80
5086,233,80
5086,239,80
5086,233,79
5086,233,81
5086,233,79
5086,229,76
5086,232,81
5086,229,77
5086,229,77
5086,240,94
5086,240,94
5086,240,81
5086,240,81
5086,235,89
5086,235,90
5086,235,89
5086,235,91
5086,234,91
5086,236,92
5086,243,90
5086,240,91
5086,236,90
5087,332,797
5087,276,870
5087,267,854
5087,287,854
5087,287,854
5087,265,860
5087,264,861
5087,252,877
5087,252,877
5087,261,887
5087,276,895
5087,256,884
5087,252,885
5087,262,866
5087,262,867
5087,263,866
5087,262,867
5087,262,867
5087,262,868
5087,258,887
5087,257,888
5087,262,869
5087,261,870
5087,261,870
5087,261,869
5087,261,870
5087,250,880
5087,249,881
5087,246,881
5087,245,882
5087,245,882
5087,245,886
5087,245,886
5087,241,883
5087,241,883
5087,241,877
5088,173,237
5088,172,242
5088,172,243
5088,172,243
5088,170,249
5088,169,250
5088,168,250
5088,169,252
5088,169,251
5088,169,252
5088,169,253
5088,169,251
5089,80,84
5089,72,85
5089,72,86
5089,72,86
5089,72,86
5089,72,86
5089,72,86
5089,72,86
5089,72,86
5089,67,86
5089,67,86
5089,55,86
5089,56,87
5089,55,87
5089,59,50
5089,55,50
5089,59,50
5089,59,50
5089,55,50
5089,55,50
5089,55,50
5089,55,50
5089,55,50
5089,55,50
5089,55,50
5089,55,50
5089,55,50
5089,55,50
5089,59,50
5089,59,50
5089,60,59
5089,60,45
5089,56,54
5089,50,60
5089,50,60
5089,50,60
5089,50,60
5089,50,61
5089,50,61
5089,50,61
5089,50,62
5089,50,62
5089,48,61
5089,48,62
5089,48,61
5089,48,63
5089,48,63
5089,48,63
5089,48,63
5089,49,63
5089,49,64
5089,49,64
5089,49,64
5089,49,64
5089,49,64
5090,184,940
5090,185,940
5090,149,991
5090,191,1016
5090,193,1016
5090,194,1016
5090,194,1016
5090,193,1017
5090,193,1017
5090,187,1019
5090,187,1020
5090,189,1020
5090,187,1021
5090,189,1021
5090,189,1021
5090,188,1021
5090,188,1021
5090,188,1021
5090,188,1021
5090,188,1021
5090,188,1021
5090,186,1021
5090,186,1022
5090,186,1022
5090,186,1023
5090,186,1023
5090,186,1023
5090,187,1023
5090,187,1023
5090,198,1017
5090,198,1018
5090,198,1017
5090,198,1015
5090,198,1015
5090,197,1016
5090,198,1016
5090,198,1017
5090,198,1016
5090,198,1016
5090,214,1016
5090,214,1016
5090,214,1016
5090,199,1017
5090,199,1017
5090,199,1017
5090,199,1017
5090,199,1017
5090,219,1018
5090,198,1018
5090,214,1018
5092,1793,873
5092,1792,884
5092,1795,878
5092,1795,878
5092,1788,879
5092,1799,879
5092,1799,878
5092,1797,878
5093,500,1050
5093,500,1051
5093,500,1052
5093,500,1052
5093,500,1053
5093,501,1054
5093,501,1054
5093,501,1054
5093,501,1054
5093,501,1054
5093,501,1055
5093,501,1055
5093,501,1055
5093,501,1055
5093,501,1056
5093,501,1056
5093,501,1056
5093,502,1056
5093,502,1056
5093,502,1056
5093,501,1056
5093,501,1057
5093,503,1058
5093,503,1059
5093,503,1059
5093,503,1059
5093,503,1059
5093,503,1059
5093,503,1059
5093,502,1059
5093,502,1059
5093,502,1060
5093,502,1060
5093,503,1060
5093,503,1060
5093,503,1060
5093,503,1060
5093,504,1060
5093,504,1060
5093,503,1060
5093,503,1060
5093,503,1060
5093,503,1060
5094,185,925
5094,185,925
5094,133,870
5094,133,870
5094,52,857
5094,142,871
5094,142,871
5094,142,871
5094,142,871
5094,142,871
5094,135,874
5094,135,871
5094,135,871
5094,135,884
5094,134,884
5094,134,885
5094,134,885
5094,134,885
5094,134,885
5094,135,874
5094,135,874
5094,135,874
5094,135,874
5094,135,874
5094,135,874
5094,135,874
5094,135,875
5094,136,875
5094,136,875
5094,136,875
5094,136,875
5094,137,875
5095,73,587
5095,73,587
5095,73,592
5095,161,633
5095,160,633
5095,160,633
5095,160,634
5095,161,634
5095,160,634
5095,161,634
5095,146,625
5095,148,625
5095,148,626
5095,148,626
5095,149,627
5095,149,627
5095,162,636
5095,161,636
5095,161,638
5095,145,645
5095,132,630
5095,143,676
5095,144,676
5095,142,676
5095,142,674
5095,142,675
5097,152,968
5097,145,968
5097,182,968
5097,166,968
5097,104,982
5097,104,982
5097,104,982
5097,141,956
5097,140,956
5097,140,956
5097,140,956
5097,142,956
5097,142,956
5097,142,956
5097,141,956
5097,142,958
5097,142,958
5097,141,958
5097,141,958
5097,141,958
5097,141,958
5097,141,954
5097,141,954
5097,138,954
5097,138,961
5097,139,961
5097,139,961
5097,139,961
5097,140,961
5097,147,951
5097,139,957
5097,139,957
5097,139,957
5097,139,957
5097,139,957
5097,139,959
5097,139,959
5097,183,926
5097,183,926
5097,139,960
5097,139,960
5097,181,950
5097,180,950
5097,192,950
5098,106,126
5098,106,116
5098,106,116
5098,105,116
5098,105,117
5098,105,117
5098,105,117
5098,64,193
5098,64,193
5098,66,193
5098,66,194
5098,67,199
5098,67,199
5098,67,198
5098,67,198
5098,67,196
5098,67,197
5098,66,197
5098,66,199
5098,66,203
5098,66,203
5098,64,203
5098,64,201
5098,64,201
5098,64,202
5098,64,202
5099,52,857
5099,52,855
5099,52,855
5099,52,856
5099,52,856
5099,52,857
5099,52,857
5099,52,857
5099,52,857
5099,52,858
5099,52,860
5099,52,860
5099,52,861
5099,52,861
5099,52,861
5099,52,861
5099,52,861
5099,52,862
5099,52,862
5099,53,862
5099,53,862
5099,53,863
5100,39,122
5100,39,122
5100,41,124
5100,41,124
5100,67,124
5100,67,124
5100,39,124
5100,41,124
5100,39,125
5100,56,126
5100,50,126
5100,41,127
5100,41,126
5100,41,128
5100,50,128
5100,50,128
5100,49,128
5100,43,129
5100,43,129
5100,43,129
5100,42,130
5100,41,111
5100,41,130
5100,41,113
5100,41,113
5100,41,113
5100,41,133
5100,41,133
5100,41,134
5100,42,134
5100,42,134
5100,42,134
5100,42,134
5100,42,134
5100,42,135
5100,42,136
5100,41,135
5100,41,135
5100,41,135
5100,43,136
5100,43,137
5101,464,609
5101,461,604
5101,461,604
5101,469,635
5101,454,611
5101,454,604
5102,402,1044
5102,402,1044
5102,402,1044
5102,402,1045
5102,411,1045
5102,413,1044
5102,412,1044
5102,402,1044
5102,402,1044
5102,412,1044
5102,442,987
5102,442,987
5102,442,988
5102,442,988
5102,442,988
5102,442,988
5102,442,989
5102,420,989
5102,441,989
5102,442,989
5102,442,990
5102,442,990
5102,441,990
5102,441,990
5102,441,990
5102,472,990
5102,473,990
5102,452,991
5102,472,991
5102,471,991
5103,50,1064
5103,50,1064
5103,135,1062
5103,137,1063
5103,135,1063
5103,135,1062
5103,135,1063
5103,135,1063
5103,136,1063
5103,136,1063
5103,135,1064
5103,134,1064
5103,135,1064
5103,135,1064
5103,135,1064
5104,263,851
5104,263,859
5104,287,853
5104,304,820
5104,303,820
5104,303,820
5104,303,820
5105,524,965
5105,524,965
5105,527,981
5106,580,636
5106,587,637
5106,576,638
5106,577,638
5107,1756,617
5108,317,943
5108,318,944
5108,318,944
5108,373,991
5108,373,991
5108,373,991
5108,373,991
5108,373,992
5108,373,992
5108,373,998
5108,373,998
5108,373,991
5109,440,771
5109,440,771
5109,440,771
5109,439,771
5109,438,772
5109,438,772
5109,436,775
5109,438,773
5109,431,778
5109,378,771
5109,378,772
5109,377,772
5110,342,125
5110,342,125
5110,342,125
5110,341,125
5110,341,125
5110,341,125
5110,341,125
5110,341,126
5110,341,127
5110,341,128
5110,341,128
5110,341,128
5110,341,129
5110,341,129
5110,341,129
5110,341,129
5110,341,129
5110,341,129
5110,341,129
5110,340,130
5110,340,130
5110,340,130
5110,340,130
5110,340,130
5111,539,154
5111,539,148
5111,538,143
5111,539,156
5111,526,149
5111,595,98
5111,595,99
5111,595,99
5112,481,689
5112,482,689
5113,240,924
5113,242,918
5113,242,918
5113,242,923
5113,240,923
5113,240,923
5113,240,923
5113,240,923
5113,240,923
5113,233,923
5113,235,902
5113,235,905
5113,235,905
5113,232,927
5113,232,927
5114,1652,858
5114,1652,848
5115,534,788
5116,1716,321
5116,1714,321
5116,1715,321
5117,180,64
5117,180,64
5117,180,64
5117,180,64
5117,180,65
5117,180,63
5117,179,63
5117,180,65
5117,179,65
5117,178,65
5117,178,65
5117,178,65
5117,178,65
5118,1139,113
5118,1141,100
5118,1144,99
5118,1144,95
5118,1144,95
5118,1142,95
5118,1141,95
5118,1151,100
